;P1 coding;P2 coding;P3 coding;P4 coding;P5 coding;P6 coding;P7 coding;P8 coding;P9 coding
What is your understanding of reproducible research?;"*easy to redo
*while redoing the procedure, coming to the same results";*describinng methodology and how the results were achieved in sufficient detail so that everyone can redo the study;"*describe methodology in sufficient detail so others can repeat it in the same way
*publish data to reproduce and check analyses --> new experiments lead to different results
";"*if it is possible to recompute the results reported in the paper based on the description in the paper
*access to code and data required";*research that can be reproduced and encourages others to do so;"*similar resutls based on the same probe and the same method
*not possible to achieve the same results due to differences in the probe material";*describing study in sufficient detail so others can repeat it and achieve the same results;*Being able to reproduce the results based in the description in the paper;*being able to achieve the same results based in the same probe (I guess he means not exactly the same probe but the same material) but another methodology - independent experiment
What is your understanding of open research?;"*procedures publicly accessible
*data publicly accessible";"*Does not know in which sense
*papers accessible to everyone and not behind a paywall";"*no conrete idea
*publish data which is sometimes already required by funders
*makes research results more transparent";"*only about how something was done
";*open access;"*publishing paper not via journals but via platforms like arxiv
*accessible by everyone for free";"*does not know in which sense
*making all results accessible
*making datasets accessible
*publishing information about running research ";"*transparent research
*describe how sth was done, what was done, answering questions if details in the methodology are missing, 
*provide access to code upon request";*data and results accessible
What is your understanding of open reproducible research?;"*reproduction of the results based on the same data and method which are publicly available
*not restricted by software license
*difficult concepts eassier to understand";"*everyone can understand how sth was done
*which data was used, where did it come from, what was done with it, which data was accessed, which means have been used, all that accessible to everyone";"*does not know
*use the same data, model, and settings to reproduce the same results
*hasn't spent much time with thinking about that issuel, yet";"*all data underlying a paper accessible which are required to reproduce the same results
*access to code and data required";"*combination of reproducible research and open research
";"*did not hear about that, yet
*implies that research which is not open is not reproducible
*actually meaning of reproducibility relates to repeating an experiment independently
*our defintion rather about understandability";"*disclose results and methodology by making dataset accessible and computational steps understandable
*make dataset reusable, e.g. for meta-analyses or further studies";*no differentiation between reproducible and open - actually the same, only open research is reprducible (contradicts with P6);"*no idea
*understand reproducibility as replicability (consistent with P?), i.e. an idependent experiment
"
Have you ever reproduced a paper published by another author?;*reproduced parts of the method but failed;;*Only reused datasets for education;;;"*tried to do some reproduction as a reviewer
*never had the malicious intent to find errors
*some reproduction happens if data is reused
*usually trusts others' results
*deeper examinations only in case of doubts";*only the methodology;;
What are the reasons that you did not do so?;;"*works in new research field --> nothing there to reproduce
*was not yet required
*more exciting to do own research and not repeating others' work
*does not see progress when repeating others' work
*appreciates that it is important if results are different after reproduction";"*until recently, not common to publish data make reproduction impossible
*too time-consuming
*would do if code and data are accessible during peer-review to validate the approach und check if the results are the same like those reported in the paper";*not yet required;;;;*not yet required;
Were there any difficulties while you reproduced the paper?;"*missing details in the methodology - sufficient for an initial understanding but not for a detailed understanding
*code was not available";;"*statistics is blackbox if data is not accessible
*as a reviewer it is not possible to see if the statistics were done properly
*trust needed that everything was done right";*missing details about the algorithm;"*not possible to achieve the same results due to environmental changes
*missing details in the methodology section";"*missing details in the methodology section
*missing details in the analysis
*use of proprietary software like a blackbox - processing steps not known
*if papers results from interdisciplinary cooperations, not every step can be understood by one person --> trust needed
*raw data often accessible but the processed data after an embargo";*missing details in the methodology: unlcear how exactly they did sth,  --> contact author;;"*time-consuming
*errors in the formula reported in the paper
*it is sometimes required to look into other papers to find details such as variables, values
*sometimes not clear what was used and where it comes from"
Have you ever published reproducible research?;*no;"*Should be in principle reproducible but in detail
*by describing methodology section as detailed as possible
*receiving the same results not possible due to environmental changes";*no  ;;*reproducible based on the methdology but not with the same results;*others could take the data and the proprietary software to see if the results are the same;*hopes so;*No, code and data not published, yet;*thinks so
What are the reasons that you did not publish reproducible research?;"*is not relevant for her 
*not sure if allowed to publish the data
*does not want to publish data of running analyses
*has to prepare dataset";"*code not worth publishing, too specific for a figure, too simple
*did not upload da";*would not publish data if analysis not finished, yet - loss of competitive advantage;"*not required yet
*additional effort
*not enough space in methodology section
*loss competitve advantage after sharing data which required know-how, time, and money - publishing it results in one citation only, would be ok to publish it for peer review";"*does not publish code
*too much work to clean code and make it readable
*journals do not ask for it
*others can write R code by themselves
*code not worth publishing
*would only do it if journals ask for it";;;;
What are the challenges while publishing reproducible research?;"*lack of tools for making research automatically reproducible
*requires extra effort
*not sure how much time it takes
*has to prepare code to make it readable and working as might not work or lead to different results";"*not possible to describe every step in sufficient detail
*some missing details have to be presumed or referred to other papers
*Not common to publish the dataset
*no standard way of publishing reproducible research";"*agree with coauthors 
*agree with third parties";"*clean data for reproduction purposes
*needs to know what happens to the data
*only if all papers are finished which are based on the dataset
*tools are needed so that only reviewers can reproduce the analysis
*processing power required for large datasets and computations
*older paper difficult to repoduce as they are not script-based but based on proprietary software (black box)
*newer ones are script-based and thus easier to reproduce";"*not possible to achieve the same results due to environmental changes such as time, space, and climate
";"*uses proprietary software to create figures
*does not write scripts
*no experience with coding";"*word limits in the methodology section results in leaving out details
*usage of diverse techniques makes it difficult for single persons/reviewers to understand every detail
*time-consuming
*no money for that
";"*exclusive access to datasets for project members
*loss competitive advantage when publishing data
*missing details in the methodology section
*usage of ready to use statistical software more common than scripting - that's why it is not common publish code, too
*misuse of data possible
*publishing datasets not a requirement
*proper acknowledgement required if research components are reused";"*difficult to make it understandable for those who are unfamiliar with the topic
*details sometimes in the supplement
*missing details in the methodology section, e.g. explanations on errors or inaccuracies"
Do you use any means to make your research reproducible?;;"*describe used methodology
*refer to oher sources which describe steps";;*by using scripts;*by writing clear methods;"*by writing detailed methodology sections
*keep it simple";"*by ensuring high quality of the data
*usage of different ready to use statistical tools (Excel, SPSS, Matlab, Origin)
*using electronical supplements for describing methods in more detail";;*by using supplements including further details
