ID,"Gender (f=1, m=2)",Age,Background,Other,"Familiarity with building (1=not at all, 2=visited before but not familiar)",SBSOD1,SBSOD2,SBSOD3,SBSOD4,SBSOD5,SBSOD6,SBSOD7,SBSOD8,SBSOD9,SBSOD10,SBSOD11,SBSOD12,SBSOD13,SBSOD14,SBSOD15,Smartphone usage,Becoming lost,Apps,Navigation systems frequency,"Indoor navigation systems usage (1=yes, 2=no)","Familiarity with QR codes (1=yes, 2=no)",Verwendetes System (1),NASA_Mental,NASA_Physical,NASA_Temporal,NASA_Performance,NASA_Effort,NASA_Frustration,Ease of use,Understandability,Guidance support,Reliability,Orientation support,Recommend,Applicability,Nennen Sie (wenn moeglich) 3 positive und 3 negative Eigenschaften des Systems: (1),Sonstige Anmerkungen zum verwendeten System: (1),usedSystem,NASA_Mental,NASA_Physical,NASA_Temporal,NASA_Performance,NASA_Effort,NASA_Frustration,Ease of use,Understandability,Guidance support,Reliability,Orientation support,Recommend,Applicability,Nennen Sie (wenn moeglich) 3 positive und 3 negative Eigenschaften des Systems: (2),Sonstige Anmerkungen zum verwendeten System: (2),"Wenn Sie sich fuer die Indoor-Navigation fuer eines der beiden Systeme entscheiden muessten, welches wuerden Sie waehlen?",Studie Angefangen mit,Daten bezogen auf System (1),Zeit Benutzung (1),Zeit Navigation (in Sekunden) (1),Navigation erfolgreich? (1),Fehler (1),Kommentar Betreuer (1),Daten bezogen auf System (2),Zeit Benutzung (2),Zeit Navigation (in Sekunden) (2),Navigation erfolgreich? (2),Fehler (2),Kommentar Betreuer (2)
1,1,24,3,,1,6,2,7,5,7,3,6,2,4,3,2,6,3,7,5,1,1,2,1,2,1,Kiosk,8,3,9,17,6,6,1,2,1,5,5,2,4,Schwierig sich alles zu merken,[BILD],standalone,1,1,7,19,10,1,4,5,5,4,4,5,4,Negativ: es war nicht intuitiv dass man auf den n盲chsten Schritt klicken soll  Positiv: Erfolgserlebnis AS2 Ende,[BILD],2,Standalone,Standalone,13,26,Ja,0,,Kiosk,50,33,Ja,0,
2,2,27,7,Wirtschaftswissenschaften,1,5,2,2,7,7,1,7,2,5,2,2,3,1,6,2,2,1,2,1,2,2,Kiosk,5,1,1,18,2,2,5,3,4,4,4,3,4,[BILD],[BILD],standalone,14,2,11,20,14,11,2,4,2,2,3,3,2,[BILD],[BILD],1,Kiosk,Standalone,39,156,Ja,1,Navigation wurde neu gestartet weil die Person am Fahrstuhl vorbei gelaufen ist,Kiosk,67,29,Ja,0,
3,2,26,4,,1,2,5,4,3,6,5,3,5,2,2,5,7,7,2,7,1,3,2,1,2,1,Kiosk,11,7,18,18,14,5,4,4,4,4,3,4,4,[BILD],[BILD],standalone,3,3,17,17,2,12,2,4,2,4,3,3,2,[BILD],[BILD],2,Standalone,Standalone,40,178,Ja,0,"""ganz gut"" - es gab ein paar Verstaendnisprobleme",Kiosk,25,160,Ja,0,"hat gut geklappt, wollte Navigationsweg vom Monitor abfotografieren"
4,2,20,1,,1,3,5,2,3,6,5,3,4,3,2,2,6,5,2,4,1,4,2,2,2,1,Kiosk,4,2,4,2,11,12,4,4,2,5,4,4,4,"-relativ konzentriert, sich die informationen zu merken",[BILD],standalone,1,3,4,18,3,2,5,4,4,5,5,4,4,"+erkennt blickrichtung +Man muss nur recht einfach den anweisungen folgen -bei Der ersten benutzung Noch etwas unverst盲ndlich,danach besser",[BILD],1,Kiosk,Standalone,34,99,Ja,0,,Kiosk,35,64,Nein,1,
5,2,21,7,Internationale BWL,1,6,2,3,6,5,1,5,2,5,1,4,3,2,6,2,1,2,1,1,2,1,Kiosk,5,1,7,12,8,5,4,4,1,2,2,3,2,"Mit Zeichnung erkl盲rt, mit Worten erkl盲rt, gro铿俥 Schrift  Relativ tief angebracht, Info nur einmal bekommen, Erkl盲rung nicht ausreichend",Grundidee ganz gut,standalone,9,22,7,9,3,16,5,4,5,5,5,5,5,"Jeder Schritt erkl盲rt, sprachliche Unterst赂tzung,  Die Eingangsseite war im ersten Moment verwirrend, weil ich ja den Raum nach Namen gesucht habe und nicht umgekehrt",Mir ist die Suchfunktion in der Rangliste erst sp盲t aufgefallen. Der noch besser visualisieren,2,Standalone,Standalone,80,177,Ja,0,,Kiosk,20,70,Ja,0,wollte Navigationsweg abfotografieren
6,2,24,7,BWL,1,5,3,2,3,7,6,6,2,3,3,5,2,1,5,5,1,3,1,1,2,1,Kiosk,4,2,9,14,6,4,4,5,4,5,5,5,5,#NAME?,[BILD],standalone,4,5,6,14,7,7,4,2,1,3,2,4,4,"-Suchfunktion ist zu versteckt -Ansage, die die Route Ansagt, ohne auf den Button weiter zuklicken",[BILD],1,Kiosk,Standalone,120,115,Nein,0,"nur durch manuelles Suchen gefunden (""zum naechsten Schritt"" nicht gefunden)",Kiosk,50,110,Ja,0,
7,2,22,1,,2,6,3,5,6,7,2,2,5,2,3,1,4,2,3,2,1,2,2,1,2,1,Kiosk,9,1,7,5,10,14,4,5,4,4,5,5,5,#NAME?,[BILD],standalone,3,1,4,3,3,2,4,5,4,5,5,5,5,Gute Orientierung f赂r innen g盲uden,[BILD],1,Standalone,Standalone,35,39,Ja,1,,Kiosk,43,89,Ja,0,
8,1,26,2,,2,2,6,2,2,4,1,2,7,4,7,7,7,7,2,5,2,4,2,4,2,1,Kiosk,2,1,10,17,1,2,2,1,2,2,1,3,3,"POS: gute Beschreibung aus Sicht der Suchenden Person, gute bildliche Darstellung   Neg: schlechter Touch, da ich auf den falschen Namen kam, man hat nichts was man mitnehmen  kann (man muss es sich merken oder abfotografieren )",W赂rd ich gerne an dem Eingang gr藆e铿俥rer Geb盲ude oder gebeudekomplexen f赂r sinnvoll sehen ...ggf. noch mehrere im Geb盲ude also auf jeder Etage eins um sich zu vergewissern ...,standalone,5,1,6,11,8,8,4,4,3,1,3,4,5,"POS: eine Karte ist mit Beschreibung vorhanden (also sinnvoll f赂r visuelle Lerner),   Neg: teilweise irritierend mit der Karte, zeitintensiv",[BILD],1,Kiosk,Standalone,15,92,Ja,0,"""nach Eingewoehnung finde ich es sehr gut""",Kiosk,30,80,Nein,1,den falschen Raum am Touchscreen ausgewaehlt und daher Ziel nicht erreicht - Bedienung des Systems war aber dennoch sehr gut
9,1,19,3,,1,5,4,4,5,7,2,4,5,4,1,3,4,4,4,2,1,1,1,2,1,1,Kiosk,3,4,6,20,3,3,5,5,4,5,5,4,4,Gut verst盲ndlich  Schnell Unterwegs konnte man den Weg nicht nochmal anschauen,[BILD],standalone,1,4,3,20,2,2,2,1,2,1,2,2,1,Wege wurden aufgezeigt Raumnummer k藆ennte deutlicher zu sehen sein  Insgesamt etwas un赂bersichtlich,Ich h盲tte den Raum nur mit der Nummer schneller gefunden da es etwas gedauert hat das System zu verstehen,1,Standalone,Standalone,63,73,Ja,0,,Kiosk,28,25,Ja,0,
10,1,19,2,,1,7,1,7,5,7,2,5,3,7,3,1,1,3,5,1,1,2,3,1,2,1,Kiosk,2,2,7,16,4,2,3,4,2,5,2,4,2,"Das mit dem Bild, fand ich sehr hilfreich",[BILD],standalone,7,1,6,2,10,10,5,3,4,5,2,4,4,-durch nur 90鈭�-Kurven war der Weg etwas 赂berfl赂ssig umst盲 ndlich,[BILD],2,Kiosk,Standalone,51,234,Ja,1,"Such-Feld nicht gefunden - ""Sie stehen vor dem Raum 1"" hat sie nicht gehoert und stand daher falsch (beim zweiten Versuch hat es dann gut geklappt)",Kiosk,43,116,Ja,0,
11,2,22,3,,1,4,2,2,6,3,1,4,6,2,1,3,3,5,6,2,1,2,1,2,1,1,Kiosk,7,2,15,12,13,9,4,5,4,5,5,4,4,#NAME?,Bildschirm h盲ngt zu tief finde ich,standalone,4,2,19,16,11,10,5,4,4,5,5,4,4,"+Leicht zu installieren, mehrere Startpunkte m藆eglich(?) +man muss sich nichts merken +karte extrem hilfreich",Ich fand die Karte hilfreicher als die Tonangaben. Ein Hinweis wie 'Begeben Sie sich zu dem Fahrstuhl' oder so w盲re eventuell besser gewesen. Gibt es die M藆eglichkeit Fahrst赂hle auszuschlie铿俥n oder nur Barrierefreie Wege zu nehmen?,2,Standalone,Standalone,15,76,Ja,0,,Kiosk,37,61,Ja,0,
12,1,28,7,International Marketing sind Sales,1,6,4,7,5,7,1,7,3,6,1,1,6,2,6,2,1,1,1,1,2,1,Kiosk,9,2,10,13,2,1,3,3,2,4,3,3,3,"Negativ: keine M藆eglichkeit, zu einem sp盲teren Zeitpunkt nochmal zu schauen, wo ich hin muss",[BILD],standalone,2,1,5,20,1,1,4,4,3,3,2,4,4,"Positiv: M藆eglichkeit zur Orientierung in gro铿俥n Geb盲uden, die sonst ot un赂bersichtlich sind Negativ: farbliche Gestaltung der Button anpassen, um zu verdeutlichen, was gemacht werden muss",[BILD],2,Kiosk,Standalone,23,103,Nein,1,"""zum naechsten Schritt"" nicht direkt gefunden. Nicht verstanden dass man den Fahrstuhl nehmen muss und daher vorbeigelaufen - manuell Raum gefunden",Kiosk,26,65,Ja,0,Erinnerungen waren schwach
13,2,26,6,,1,3,3,3,4,7,2,7,5,5,2,5,5,3,6,4,1,2,1,1,2,1,Kiosk,4,3,10,15,7,6,2,3,3,3,3,2,2,-Weg musste germerkt werden,[BILD],standalone,4,4,10,15,6,5,4,4,3,4,4,4,4,#NAME?,[BILD],2,Standalone,Standalone,37,112,Ja,0,"""nach Eingewoehnung gut"" - kurz rechts am Fahrstuhl vorbeigelaufen",Kiosk,22,58,Ja,0,wollte abfotografieren
14,2,26,6,,1,3,2,1,3,5,5,6,6,2,6,4,4,5,3,5,1,4,1,2,2,1,Kiosk,7,2,9,20,7,7,3,3,2,4,3,2,2,"Einfach, zielf赂hrend, passendes Design  Viel zu merken, lang, k藆ennte ansprechender sein",[BILD],standalone,5,2,8,13,5,8,4,4,4,5,5,4,4,"Mobil, meistens sehr 赂bersichtlich, gutes Design",[BILD],2,Kiosk,Standalone,26,50,Ja,0,,Kiosk,30,47,Ja,0,wollte abfotografieren - an Raumnummern auf dem Weg orientiert
1,1,55,3,,1,6,3,6,7,7,2,5,2,6,1,1,3,1,7,1,5,2,5,2,2,1,Kiosk,18,1,4,4,17,15,1,2,2,3,3,2,2,Wenig Orientierung Man k鰊nte eigenen Standort nicht richtig Nach 躡ung ging es,[BILD],mixed,4,1,2,18,17,3,3,4,4,4,4,4,4,F黵 mich leichter verst鋘dlich Gute Orientierung,[BILD],1,Mixed,Mixed,28,27,Ja,,Fahrstuhl nicht gefunden (rechts vorbeigegangen),Kiosk,21,88,Ja,,
2,2,24,1,,1,3,6,3,3,2,3,6,3,3,3,3,7,1,3,2,1,1,2,1,2,2,Kiosk,13,15,15,17,18,12,4,5,3,4,3,5,5,Leicht zu benutzen  Schnell das Ziel zu erreichen    Negative  Die Person wird die Nummer des Zimmers vergessen,[BILD],mixed,1,3,2,19,11,2,5,5,5,5,4,5,5,Zeitsparend  Leicht zu benutzen    Negative  Das wurde nicht beschreiben ob mit dem Aufzug oder der Treppe benutzt .,[BILD],2,Kiosk,Mixed,17,62,Ja,,"hat zun鋍hst vergessen ""Etage"" zuwechseln, dachte zuerst auch, dass die Position live angezeigt wird",Kiosk,154,168,Nein,,"schon Bem黨ungen, das System zu bedienen, sehr starke Orientierungslosigkeit, Deutsch nicht Muttersprache (gilt nat黵lich f黵 beide Systeme)!"
3,2,27,7,Wirtschaftswissenschaften,1,5,2,2,5,7,1,5,3,5,3,1,3,3,5,2,2,2,2,1,2,1,Kiosk,11,2,5,20,3,3,5,4,4,5,4,4,4,Positive: - relativ schnelles finden Der r鋟me  Negativ: Farbige pfeile w黵den helfen,[BILD],mixed,14,5,15,4,16,15,2,3,2,2,2,3,2,Negativ: - man Kann keinen schritt zuruck gehen  -mir ist nicht immer klar wo ich mich gerade befinde,[BILD],1,Mixed,Mixed,22,24,Ja,,"Etage wechseln vergessen, dann ging es sehr gut!",Kiosk,42,91,Ja,,"wollte L鰏ung abfotografieren, an Raumnummern orientiert beim Laufen"
4,2,24,7,Bwl,1,6,2,3,6,7,2,6,2,7,1,3,4,6,4,7,3,2,4,1,2,1,Kiosk,13,2,12,17,13,4,2,4,3,4,2,3,3,"Positiv Einfache Bedienung Mit Bildern,  hilfreich Negative Keine Unterst黷zung auf dem Weg Bei komplexen wegen nicht zielf黨rend",[BILD],mixed,6,2,7,12,11,6,4,4,3,4,4,4,4,"Positiv: Text sehr hilfreich, einfach zu verstehen,  Negativ: muss Text eigenst鋘dig verfolgen, Position bewegt sich nicht mit",[BILD],2,Kiosk,Mixed,36,66,Ja,,"""Information zum aktuellen Standort fehlt"" (bezogen auf Karte die ja nur die Ziel- und nicht die Anfangsetage behandelt)",Kiosk,18,36,Ja,,
5,2,23,1,,1,2,5,2,2,1,5,4,6,3,1,5,7,4,4,3,1,3,2,1,2,1,Kiosk,8,3,15,20,6,2,2,5,5,5,5,5,3,"Suche nach Mitarbeiternamen ist sehr praktisch Bilder sind ein cooles Feature  ABC Gruppierung etwas hinderlich, da nicht alle Buchstaben Sicht bar. Suche mit automatischer Erg鋘zung w鋜e besser.",[BILD],mixed,4,3,17,20,2,1,5,5,4,5,5,5,4,Ich kann es auf dem handy mitnehmen. Es gibt eine Schritt f黵 Schritt Navigation,[BILD],2,Mixed,Mixed,12,50,Ja,,,Kiosk,20,105,Ja,,
6,2,28,3,,1,3,5,2,2,3,6,2,5,3,3,5,6,7,2,6,1,4,2,1,2,1,Kiosk,4,1,8,20,3,5,4,5,4,5,5,5,5,[BILD],[BILD],mixed,13,2,13,19,16,11,2,3,2,3,3,2,2,[BILD],[BILD],2,Kiosk,Mixed,12,62,Ja,,"""wenn man den Kopf ausschaltet, klappt es sehr gut""",Kiosk,37,126,Ja,,wollte L鰏ung fotografieren
7,1,23,7,BWL,1,3,5,6,2,7,6,6,5,3,2,4,6,7,3,5,1,4,1,2,2,1,Kiosk,3,5,4,20,14,11,4,4,2,4,2,4,4,"Suche ist einfach, 黚ersichtlich, einfache Handhabung  Pfeile sind irritierend, schlecht zu erkennen wo man genau ist",[BILD],mixed,6,3,7,16,16,16,2,2,2,4,2,3,2,"Un黚ersichtlich, Meter Angaben irritierend in einem Geb鋟de, Spp schl鋑t direkt den Fahrstuhl vor, keine Wahlm鰃lichkeit Text war hilfreich,",[BILD],1,Mixed,Mixed,10,45,Ja,,,Kiosk,45,89,Ja,,wollte L鰏ung fotografieren
8,1,23,4,,1,2,5,4,5,7,4,5,5,3,4,6,6,6,4,4,1,2,2,1,2,1,Kiosk,15,1,1,18,15,6,3,5,3,4,4,3,3,Detaillierte Wegbeschreibung,Man muss sich den Weg merken Vornamen der Profs integrieren,mixed,7,1,1,15,9,5,4,4,3,5,5,5,5,Einzelnen Schritte werden angezeigt Es gibt eine Karte der einzelnen Stockwerke,Der gr黱e Pfeil auf der Karte k鰊nte anzeigen in welche Richtung man gerade schaut bzw steht,2,Kiosk,Mixed,11,40,Ja,,"""gro遝s Lob"" - wenn man es verstanden hat, ist es sehr einfach",Kiosk,40,70,Ja,,
9,1,21,7,BWL,1,4,2,3,5,3,2,5,4,3,2,3,4,2,6,2,2,1,3,1,2,1,Kiosk,3,1,1,19,1,2,4,4,4,5,5,4,4,"Pro:Gute Sortierung, gut lesbar, Wechsel zwischen 2d und 3d Con: Schlechte Navigation zwischen den Buchstaben",[BILD],mixed,1,1,2,20,2,1,5,5,5,5,5,5,5,"Pro: keine Gefahr etwas unterwegs zu vergessen, schnelles Finden der Namen, 黚ersichtlich",[BILD],2,Mixed,Mixed,25,67,Ja,,"""ich dachte, der Pfeil bewegt sich""",Kiosk,30,110,Ja,,
10,1,18,3,,1,5,2,3,6,7,3,2,3,6,1,1,7,3,6,1,1,1,2,1,2,1,Kiosk,2,2,2,20,2,2,5,5,5,5,5,5,5,"Positiv: einfach zu bedienen, gro遝s Display Negativ: geb鋟deplan durch einheitlich graue Farbe etwas un黚ersichtlich (wobei es hier gut war, dass die wegbeschreibungspfeile durch die rote Farbe leicht zu erkennen waren)",[BILD],mixed,12,2,12,6,12,12,2,2,2,4,4,2,2,"Positiv: Wegbeschreibung ist auf dem Handy, man kann nachschauen wenn man etwas vergessen hat Geb鋟deplan ist ebenfalls zu sehen  Negativ: am Anfang etwas verwirrend, statt 'rechts, links, rechts' w鋜e es besser zu schreiben 'gehen sie zu den Aufz黦en'",[BILD],1,Kiosk,Mixed,20,140,Ja,,"""v.A. auf freier Fl鋍he sind die Anweisungen gew鰄nungsbed黵ftig - Karte f黵 mich hilfreicher als Anweisungen""",Kiosk,35,62,Ja,,"""z.T. irritierend, hat aber gut geklappt"""
11,2,19,4,,1,4,3,3,2,5,2,2,6,3,1,4,5,3,5,1,1,3,3,1,2,2,Kiosk,13,6,12,19,13,13,4,3,1,2,5,4,3,"Klare Wegbeschreibung,  schnelles und einfaches finden der gesuchten person im computer +Erkl鋜t mit Text und mit Bild -Viel zu merken -nicht ganz klar wo man sich am Anfang befindet",Tafeln auf Dem Weg als gedankliche St黷ze w鋜en hilfreich,mixed,15,4,11,15,16,14,5,1,2,5,5,2,3,"Klare Aufteilung in Zwischenschritte Zwei arten der Navigation-->text und karte Deutlich, dass der Fahrstuhl genutzt werden muss - irritierende rechts/links angaben I'm Eingangsbereich und nachdem man aus Dem Fahrstuhl Kam -man achtet mehr aufs Handy und richtet sich danach , auch wenn in der umgebung schon ersichtlich ist, wo man ist -",[BILD],2,Mixed,Mixed,13,70,Ja,,"auf freier Fl鋍he zun鋍hst irritiert, aber dann sehr gut",Kiosk,102,133,Ja,,eher Schwierigkeiten bei Bedienung des Kiosk-Systems
12,1,20,2,,1,3,5,5,3,3,7,2,4,3,6,3,6,5,1,6,2,4,3,3,2,1,Kiosk,4,2,9,19,2,10,5,5,5,5,4,5,5,Gute bildliche Darstellung des Weges,[BILD],mixed,2,2,19,17,6,12,4,4,4,4,5,4,4,Gute bildliche Dartstellung der Route.  Manchmal 黚erfl黶sige Wegbeschreibung,[BILD],2,Kiosk,Mixed,14,63,Ja,,"""Bei Bachtung der Einzelschritte im 'Kopf aus'-Modus klappt es unerwartet gut""",Kiosk,66,68,Ja,,"""habe mich an den Toiletten orientiert, weil ich die auf dem Plan gesehen habe"""
13,1,19,2,,1,7,1,7,7,7,2,7,2,7,2,2,1,1,6,1,1,1,3,1,2,2,Kiosk,8,1,5,13,11,12,5,4,4,5,3,4,4,躡ersichtlich  Leicht verst鋘dlich,[BILD],mixed,2,4,19,16,6,8,3,3,2,4,2,3,2,"Man m黶ste sich dem ganzen Weg direkt merken, kann bei l鋘geren Wegen schwierig sein",[BILD],2,Mixed,Mixed,27,70,Ja,,"""dadurch, das die Karte soooo gro� dargestellt wird, achtet man nicht wirklich auf die Schritte"" (Handy hatte ein sehr kleines Display!!)",Kiosk,33,101,Ja,,wollte L鰏ung fotografieren
14,1,21,1,,1,3,2,3,3,5,3,4,5,2,2,5,6,6,4,6,1,3,2,4,2,2,Kiosk,7,2,15,17,4,2,3,4,2,4,3,3,3,[BILD],[BILD],mixed,3,2,12,18,2,1,5,4,5,5,5,5,4,Positiv: man wird die ganze Zeit gef黨rt und alle Schritte stehen auf dem Smartphone,[BILD],2,Kiosk,Mixed,12,30,Ja,,,Kiosk,20,50,Ja,,
15,1,25,7,International Marketing and Sales,1,6,5,6,3,7,3,1,3,5,3,2,7,3,3,3,1,2,1,1,2,1,Kiosk,12,1,3,20,4,1,5,5,4,5,5,5,5,"Die angezeigte Karte war etwas un黚ersichtlich  Einzelne Navigationsschritte sollten untereinander angezeigt werden, nicht im Fliesstext, da etwas schwierig zu lesen/merken  Sehr gute Unterteilung in Namen von Mitarbeitern/R鋟men etc  Sehr intuitiv",-,mixed,6,1,3,15,5,4,5,5,2,3,4,2,3,"Mit QR Code sehr schnelle M鰃lichkeit  Navigation auf dem eigenen Handy, man muss sich den Weg also nicht vorher merken Unten genannten Schritte waren verwirrend, da ich den Weg auf der eingezeichneten Karte anders wahrgenommen habe Fangen die Schrittbeschreibungen oben oder unten Ansage? Etwas verwirrt  Einzeichnung auf der Karte war auf jeden Fall hilfreicher als Schrittbeschreibung","Die Idee mit dem Smartphone ist auf jeden Fall gut, aber das mit der Schrittbeschreibung etwas ausbauf鋒ig",1,Mixed,Mixed,20,46,Ja,,"zun鋍hst kurz am Fahrstuhl vorbeigegangen aber dann direkt ""verstanden"", was gemeint war",Kiosk,21,42,Ja,,"""System sollte mehr Sortier- und Filteroptionen haben""
"
16,1,24,2,,1,1,6,1,1,4,7,2,7,1,4,5,7,6,3,6,1,4,2,1,2,1,Kiosk,14,3,12,13,11,10,3,4,3,4,4,3,3,"Touchscreen nicht gut zu bedienen, Schwierigkeiten beim Wechsel auf andr. Etage es mussten neue Orientierungspunkte gesucht werden",[BILD],mixed,9,2,13,20,3,4,4,5,5,5,5,4,5,"Gute F黨rung durch das Geb鋟de, sehr viele Informationen auf einmal",[BILD],2,Kiosk,Mixed,16,38,Ja,,"""sehr detailreich, wenn man es verstanden hat, klappt es sehr gut - w黵de ich wiederverwenden""",Kiosk,34,30,Ja,,wollte L鰏ung fotografieren
17,2,26,6,,1,4,4,5,4,7,5,6,4,4,2,2,3,2,4,3,1,3,2,2,2,1,Kiosk,15,1,3,6,15,14,3,3,2,3,3,3,3,#NAME?,[BILD],mixed,1,1,12,20,3,3,5,5,4,5,4,5,5,"+leicht zu verstehen +sehr 黚ersichtlich gestaltet (textuell, bild) +gute Informationsdichte",[BILD],2,Mixed,Mixed,25,69,Ja,,,Kiosk,46,88,Ja,,wollte L鰏ung fotografieren