[
  {
    "title": "A quantitative approach to evaluating the GWP timescale through implicit discount rates",
    "bindings": [
      {
        "id": "",
        "computationalResult": {
          "type": "figure",
          "result": "Figure 1"
        },
        "sourcecode": {
          "file": "main.Rmd",
          "codelines": [
            {
              "start": 1,
              "end": 516
            }
            ],
          "parameter": [
            {
              "text": "CSlist <- c(3.92)",
              "name": "CSlist",
              "val": 3.92,
              "uiWidget": {
                "type": "radio",
                "caption": "Kp: The model was run for climate sensitivity (CS=3.92) but CS in range from 1.5 to 4.5 is possible. Model adaptations exist for CS=1.5 and CS=4.5",
                "options": [
                  "1.5",
                  "3.92",
                  "4.5"
                  ]
              }
            },
            {
              "text": "damagelist <- c(2)",
              "name": "damage exponent",
              "val": 2,
              "uiWidget": {
                "type": "slider",
                "maxValue": 1.5,
                "stepSize": 3,
                "caption": "The damage exponent describes the scale of the damage resulting from global warming"
              }
            }
            ]
        },
        "port": 5000
      }
      ]
  }
  ]
