Region,Site,Patch_id,Species,Patch_coord_lat,Patch_coord_lon,iso_18O_all,iso_13C_all,prod,bowen_18O_annual,bowen_18O_AprSep,bowen_18O_JanApr,bowen_18O_annual.w,bowen_18O_AprSep.w,bowen_18O_JanApr.w,HWT_end_season,elevation,avt,evap,precip,samp_year
"Canada, ON (NW)",Savanne,2,S.fuscum,48.954,-90.23306,20.69384601,-28.72329354,115.264314553333,-13.93689875,-9.149187962,-18.23252821,-11.69875567,-8.955994504,-17.27147589,42,458,13.0906819668333,518.67873193,530.55313072,2013
"Canada, ON (NW)",Savanne,4,S.magellanicum,48.954,-90.23306,18.65766748,-28.7385981,119.767807033333,-13.93689875,-9.149187962,-18.23252821,-11.69875567,-8.955994504,-17.27147589,42,458,13.0906819668333,518.67873193,530.55313072,2013
"Canada, ON (NW)",Savanne,5,S.fuscum,48.954,-90.23306,19.95862133,-28.98827249,149.808917166667,-13.93689875,-9.149187962,-18.23252821,-11.69875567,-8.955994504,-17.27147589,40,458,13.0906819668333,518.67873193,530.55313072,2013
"Canada, ON (NW)",Savanne,6,S.magellanicum,48.954,-90.23306,19.12860395,-28.58953702,116.062278866667,-13.93689875,-9.149187962,-18.23252821,-11.69875567,-8.955994504,-17.27147589,34,458,13.0906819668333,518.67873193,530.55313072,2013
"Canada, ON (NW)",Raith,1,S.fuscum,48.85354,-89.95639,18.36860285,-29.9211305,362.714720633333,-13.75252835,-9.01127704,-18.01628089,-11.53640273,-8.820637269,-17.06397796,31,472,13.0906819668333,518.67873193,530.55313072,2013
"Canada, ON (NW)",Raith,3,S.fuscum,48.85354,-89.95639,21.07575191,-27.95625127,235.951012833333,-13.75252835,-9.01127704,-18.01628089,-11.53640273,-8.820637269,-17.06397796,26,472,13.0906819668333,518.67873193,530.55313072,2013
"Canada, ON (NW)",Raith,5,S.magellanicum,48.85354,-89.95639,18.34405963,-30.09458219,301.9834395,-13.75252835,-9.01127704,-18.01628089,-11.53640273,-8.820637269,-17.06397796,15,472,13.0906819668333,518.67873193,530.55313072,2013
"Canada, ON (NW)",Raith,7,S.magellanicum,48.85354,-89.95639,18.31281524,-29.56954926,156.514901333333,-13.75252835,-9.01127704,-18.01628089,-11.53640273,-8.820637269,-17.06397796,28,472,13.0906819668333,518.67873193,530.55313072,2013
"Canada, ON (S)",Puslinch_bog,1,S.fuscum,43.407924,-80.263684,20.8901918,-30.34353637,110.33046915,-9.774423798,-6.764203628,-12.58818746,-9.128199741,-6.779438361,-12.04299522,35,308,17.60389099,537.44189819,558.59887952,2013
"Canada, ON (S)",Puslinch_bog,3,S.fuscum,43.408201,-80.264392,20.56259484,-29.056598,254.7119839,-9.774423798,-6.764203628,-12.58818746,-9.128199741,-6.779438361,-12.04299522,35,306,17.60389099,537.44189819,558.59887952,2013
"Canada, ON (S)",Puslinch_bog,1,S.magellanicum,43.407924,-80.263684,21.17289337,-30.50576472,199.753691966667,-9.774423798,-6.764203628,-12.58818746,-9.128199741,-6.779438361,-12.04299522,29,308,17.60389099,537.44189819,558.59887952,2013
"Canada, ON (S)",Puslinch_bog,3,S.magellanicum,43.408178,-80.264343,20.61665402,-29.35335509,258.545222933333,-9.774423798,-6.764203628,-12.58818746,-9.128199741,-6.779438361,-12.04299522,28,306,17.60389099,537.44189819,558.59887952,2013
"Canada, ON (S)",Parry_Sound,1,S.fuscum,45.459827,-80.150893,21.22470684,-29.82522192,120.862666236667,-10.57775684,-7.37670811,-13.56193209,-9.943351611,-7.536905715,-12.81259587,20,222,16.3326914483333,332.66004773,319.71164605,2013
"Canada, ON (S)",Parry_Sound,3,S.fuscum,45.459793,-80.150986,19.94707891,-30.55364063,165.0395516,-10.57775684,-7.37670811,-13.56193209,-9.943351611,-7.536905715,-12.81259587,21,223,16.3326914483333,332.66004773,319.71164605,2013
"Canada, ON (S)",Parry_Sound,1,S.magellanicum,45.45985,-80.150908,19.74211435,-31.03428222,160.6797192,-10.57775684,-7.37670811,-13.56193209,-9.943351611,-7.536905715,-12.81259587,7,223,16.3326914483333,332.66004773,319.71164605,2013
"Canada, ON (S)",Parry_Sound,3,S.magellanicum,45.459636,-80.151094,20.45447648,-29.87650418,187.809517133333,-10.57775684,-7.37670811,-13.56193209,-9.943351611,-7.536905715,-12.81259587,17,223,16.3326914483333,332.66004773,319.71164605,2013
"Canada, AB",BC35,1,S.fuscum,55.87,-115.1,17.17052995,-27.14590348,161.029295466667,-19.53127432,-15.65002505,-23.73127556,-17.8510083,-14.97092302,-23.43765511,40,653,13.1163879386667,483.88018183,399.07051971,2013
"Canada, AB",BC35,3,S.fuscum,55.87,-115.1,17.49734446,-28.04089333,139.732244093333,-19.53127432,-15.65002505,-23.73127556,-17.8510083,-14.97092302,-23.43765511,35,653,13.1163879386667,483.88018183,399.07051971,2013
"Canada, AB",BC35,1,S.magellanicum,55.87,-115.1,17.54049632,-29.79053158,52.1316397166667,-19.53127432,-15.65002505,-23.73127556,-17.8510083,-14.97092302,-23.43765511,32,653,13.1163879386667,483.88018183,399.07051971,2013
"Canada, AB",BC35,3,S.magellanicum,55.87,-115.1,16.36874052,-29.0443606,81.59888891,-19.53127432,-15.65002505,-23.73127556,-17.8510083,-14.97092302,-23.43765511,25,653,13.1163879386667,483.88018183,399.07051971,2013
"Canada, AB",208UB,1,S.fuscum,56.1157,-115.7024,18.62130715,-28.88552189,87.7873037566667,-19.55687189,-15.72125181,-23.72374439,-17.92169375,-15.06324926,-23.4269905,,660,13.1832621238333,470.74210007,389.49871832,2013
"Canada, AB",208UB,3,S.fuscum,56.1157,-115.7024,17.35034143,-28.1816235,155.736083856667,-19.55687189,-15.72125181,-23.72374439,-17.92169375,-15.06324926,-23.4269905,,660,13.1832621238333,470.74210007,389.49871832,2013
Sweden (S),Kulflyten,MG03,S.magellanicum,59.90254,15.83353,21.24705536,-27.18402209,82.20638357,-11.56895804,-10.03791444,-12.89499831,-11.11548013,-9.863095128,-12.74185133,10.5,137,13.2403452556667,578.8557581,446.80299953,2013
Sweden (S),Kulflyten,MG05,S.magellanicum,59.90254,15.83353,21.40213977,-26.1273527,123.305251233333,-11.56895804,-10.03791444,-12.89499831,-11.11548013,-9.863095128,-12.74185133,20,137,13.2403452556667,578.8557581,446.80299953,2013
Sweden (S),Kulflyten,FU02,S.fuscum,59.90254,15.83353,22.13928151,-27.88062602,123.394536446667,-11.56895804,-10.03791444,-12.89499831,-11.11548013,-9.863095128,-12.74185133,24,137,13.2403452556667,578.8557581,446.80299953,2013
Sweden (S),Kulflyten,FU04,S.fuscum,59.90254,15.83353,22.57803298,-26.26033142,283.803963193333,-11.56895804,-10.03791444,-12.89499831,-11.11548013,-9.863095128,-12.74185133,44.5,137,13.2403452556667,578.8557581,446.80299953,2013
Sweden (S),Store mosse,F1,S.fuscum,57.29919,13.94138,20.93983117,-27.64842471,290.882519466667,-10.71442684,-9.301710447,-11.98193669,-10.65508798,-9.249823066,-11.99708056,32.4,163,13.4051910396667,611.29933558,402.17122797,2013
Sweden (S),Store mosse,F3,S.fuscum,57.29919,13.94138,21.87819003,-28.00746727,100.044585996667,-10.71442684,-9.301710447,-11.98193669,-10.65508798,-9.249823066,-11.99708056,33,163,13.4051910396667,611.29933558,402.17122797,2013
Sweden (S),Store mosse,M1,S.magellanicum,57.29919,13.94138,21.65734197,-26.56925123,165.7256617,-10.71442684,-9.301710447,-11.98193669,-10.65508798,-9.249823066,-11.99708056,9.9,163,13.4051910396667,611.29933558,402.17122797,2013
Sweden (S),Store mosse,M3,S.magellanicum,57.29919,13.94138,22.3650373,-27.05206628,64.4813163466667,-10.71442684,-9.301710447,-11.98193669,-10.65508798,-9.249823066,-11.99708056,19.6,163,13.4051910396667,611.29933558,402.17122797,2013
Sweden (S),Traneröds mosse,F5,S.fuscum,56.04455,13.18672,22.71937574,-27.48680442,22.16243454,-10.07850989,-8.744557222,-11.27933621,-10.14302549,-8.638507786,-11.59939755,44.9,168,15.009169515,535.61996357,358.07650849,2013
Sweden (S),Traneröds mosse,F7,S.fuscum,56.04455,13.18672,20.22919121,-28.43709083,74.718089175,-10.07850989,-8.744557222,-11.27933621,-10.14302549,-8.638507786,-11.59939755,38.3,168,15.009169515,535.61996357,358.07650849,2013
Sweden (S),Traneröds mosse,M5,S.magellanicum,56.04455,13.18672,21.41097369,-28.49948854,43.5280113233333,-10.07850989,-8.744557222,-11.27933621,-10.14302549,-8.638507786,-11.59939755,15.5,168,15.009169515,535.61996357,358.07650849,2013
Sweden (S),Traneröds mosse,M7,S.magellanicum,56.04455,13.18672,20.89173537,-30.30799918,130.57452232,-10.07850989,-8.744557222,-11.27933621,-10.14302549,-8.638507786,-11.59939755,40.2,168,15.009169515,535.61996357,358.07650849,2013
"Romania, Obcina Mestecanisului Mts",Găina-Lucina,1,S.fuscum,47.65944444,25.18222222,22.28651355,-28.34298282,407.388534913333,-10.73276607,-8.649215221,-12.71006942,-9.98640943,-8.623967201,-12.39488032,81,1212,13.2152801528333,516.27679377,483.7255925,2013
"Romania, Obcina Mestecanisului Mts",Găina-Lucina,3,S.fuscum,47.65944444,25.18222222,21.74862583,-28.08111702,480.792639766667,-10.73276607,-8.649215221,-12.71006942,-9.98640943,-8.623967201,-12.39488032,58,1212,13.2152801528333,516.27679377,483.7255925,2013
"Romania, Obcina Mestecanisului Mts",Găina-Lucina,1,S.magellanicum,47.65944444,25.18222222,20.14772281,-30.54020049,9.32767162,-10.73276607,-8.649215221,-12.71006942,-9.98640943,-8.623967201,-12.39488032,33.5,1212,13.2152801528333,516.27679377,483.7255925,2013
"Romania, Obcina Mestecanisului Mts",Găina-Lucina,3,S.magellanicum,47.65944444,25.18222222,20.09373773,-28.83295827,345.0813871,-10.73276607,-8.649215221,-12.71006942,-9.98640943,-8.623967201,-12.39488032,43.5,1212,13.2152801528333,516.27679377,483.7255925,2013
"Romania, Apuseni Mts",Molhașul Mare de la Izbuc,1,S.fuscum,46.58972222,22.76111111,23.60328787,-27.41929214,363.90658175,-10.21810329,-8.21265467,-12.10835028,-9.855624304,-8.325970657,-11.82208441,48,1208,17.7439768483333,405.56211023,368.06885294,2013
"Romania, Apuseni Mts",Molhașul Mare de la Izbuc,3,S.fuscum,46.58972222,22.76111111,22.63408906,-28.12101064,291.9002123,-10.21810329,-8.21265467,-12.10835028,-9.855624304,-8.325970657,-11.82208441,29.4,1208,17.7439768483333,405.56211023,368.06885294,2013
"Romania, Apuseni Mts",Molhașul Mare de la Izbuc,1,S.magellanicum,46.58972222,22.76111111,22.25291302,-27.67502046,328.365180466667,-10.21810329,-8.21265467,-12.10835028,-9.855624304,-8.325970657,-11.82208441,35,1208,17.7439768483333,405.56211023,368.06885294,2013
"Romania, Apuseni Mts",Molhașul Mare de la Izbuc,3,S.magellanicum,46.58972222,22.76111111,22.71989883,-27.78549509,345.774946933333,-10.21810329,-8.21265467,-12.10835028,-9.855624304,-8.325970657,-11.82208441,23.5,1208,17.7439768483333,405.56211023,368.06885294,2013
"Romania, Ciomatu Mts",Tinovul Mohoș bog,2,S.fuscum,46.13638889,25.90277778,23.54909222,-28.5271072,115.68294411,-9.805899302,-7.886963685,-11.6073308,-8.94351551,-7.720971345,-11.54987349,33.5,1048,16.6366007466667,456.16271253,444.55807615,2013
"Romania, Ciomatu Mts",Tinovul Mohoș bog,3,S.fuscum,46.13638889,25.90277778,23.04145967,-27.45509411,596.461429566667,-9.805899302,-7.886963685,-11.6073308,-8.94351551,-7.720971345,-11.54987349,54,1048,16.6366007466667,456.16271253,444.55807615,2013
"Romania, Ciomatu Mts",Tinovul Mohoș bog,1,S.magellanicum,46.13638889,25.90277778,22.23755758,-27.27506137,125.690021233333,-9.805899302,-7.886963685,-11.6073308,-8.94351551,-7.720971345,-11.54987349,18,1048,16.6366007466667,456.16271253,444.55807615,2013
"Romania, Ciomatu Mts",Tinovul Mohoș bog,3,S.magellanicum,46.13638889,25.90277778,22.70273688,-28.24785188,160.651096956667,-9.805899302,-7.886963685,-11.6073308,-8.94351551,-7.720971345,-11.54987349,16,1048,16.6366007466667,456.16271253,444.55807615,2013
"Romania, Gutâi Mts",Tăul lui Dumitru bog,1,S.magellanicum,47.82472222,23.69833333,20.7978,-27.8807,409.660297225,-9.862513026,-7.914486647,-11.67864633,-9.532172078,-7.993583431,-11.40132067,10.5,1142,16.5312489816667,460.05885827,591.56640095,2014
"Romania, Gutâi Mts",Tăul lui Dumitru bog,3,S.magellanicum,47.82472222,23.69833333,20.8418,-27.1241,299.334748766667,-9.862513026,-7.914486647,-11.67864633,-9.532172078,-7.993583431,-11.40132067,14,1142,16.5312489816667,460.05885827,591.56640095,2014
"Romania, Maramureș Mts",Tăul Obcioarei bog,1,S.fuscum,47.68486111,24.53666667,23.43166832,-27.47657529,567.133758,-10.6048762,-8.537153085,-12.56385207,-10.05569543,-8.585870048,-12.22472642,38,1043,15.0659678133333,518.24501177,459.52736736,2013
"Romania, Maramureș Mts",Tăul Obcioarei bog,2,S.fuscum,47.68486111,24.53666667,23.28624334,-27.1226473,491.56050955,-10.6048762,-8.537153085,-12.56385207,-10.05569543,-8.585870048,-12.22472642,12,1043,15.0659678133333,518.24501177,459.52736736,2013
"Romania, Maramureș Mts",Tăul Obcioarei bog,1,S.magellanicum,47.68486111,24.53666667,21.42010658,-27.98905483,724.57537165,-10.6048762,-8.537153085,-12.56385207,-10.05569543,-8.585870048,-12.22472642,34.5,1043,15.0659678133333,518.24501177,459.52736736,2013
"Romania, Maramureș Mts",Tăul Obcioarei bog,3,S.magellanicum,47.68486111,24.53666667,23.46418571,-28.83193535,639.745223,-10.6048762,-8.537153085,-12.56385207,-10.05569543,-8.585870048,-12.22472642,35,1043,15.0659678133333,518.24501177,459.52736736,2013
Czech Republic,Mrtvý luh,1,S.magellanicum,48.87066667,13.87008333,22.32427062,-27.2528325,196.2972399275,-10.19842112,-8.40149792,-11.88160205,-9.759160956,-8.41394638,-12.15731946,8,740,14.4355814611667,558.41804334,522.22216243,2013
Czech Republic,Mrtvý luh,3,S.magellanicum,48.87013889,13.87347222,21.79315328,-28.42257834,43.31210191,-10.19842112,-8.40149792,-11.88160205,-9.759160956,-8.41394638,-12.15731946,21,739,14.4355814611667,558.41804334,522.22216243,2013
Czech Republic,Mrtvý luh,1,S.fuscum,48.87066667,13.87002778,22.60428146,-29.61344108,56.62420382,-10.19842112,-8.40149792,-11.88160205,-9.759160956,-8.41394638,-12.15731946,28,740,14.4355814611667,558.41804334,522.22216243,2013
Czech Republic,Mrtvý luh,3,S.fuscum,48.86952778,13.87286111,23.93749435,-27.37326105,123.5700637,-10.19842112,-8.40149792,-11.88160205,-9.759160956,-8.41394638,-12.15731946,32,740,14.4355814611667,558.41804334,522.22216243,2013
Czech Republic,Velký Močálbog,1,S.magellanicum,50.39613889,12.63422222,21.96386957,-28.71654588,74.6942675125,-10.10144929,-8.466415803,-11.62461543,-9.895091172,-8.584299452,-11.80621638,10,927,14.1919748923333,520.24314711,453.22823791,2013
Czech Republic,Velký Močálbog,3,S.magellanicum,50.39622222,12.63538889,23.16881944,-27.00275595,47.751592355,-10.10144929,-8.466415803,-11.62461543,-9.895091172,-8.584299452,-11.80621638,17,926,14.1919748923333,520.24314711,453.22823791,2013
Czech Republic,Velký Močálbog,1,S.fuscum,50.39622222,12.63461111,22.07316412,-27.79177299,98.174097675,-10.10144929,-8.466415803,-11.62461543,-9.895091172,-8.584299452,-11.80621638,18,926,14.1919748923333,520.24314711,453.22823791,2013
Czech Republic,Velký Močálbog,3,S.fuscum,50.39627778,12.63619444,22.51937494,-27.62233337,158.77707005,-10.10144929,-8.466415803,-11.62461543,-9.895091172,-8.584299452,-11.80621638,34,924,14.1919748923333,520.24314711,453.22823791,2013
Czech Republic,Jizerka,1,S.magellanicum,50.82675,15.32963889,22.09393912,-29.66356383,196.076433125,-10.642585,-8.883821726,-12.28572726,-10.12993337,-8.854576147,-12.50255938,22,862,15.3682902033333,573.84136753,550.85572711,2013
Czech Republic,Jizerka,3,S.magellanicum,50.82755556,15.32847222,21.49417397,-28.79306465,80.878980885,-10.642585,-8.883821726,-12.28572726,-10.12993337,-8.854576147,-12.50255938,11,865,15.3682902033333,573.84136753,550.85572711,2013
Czech Republic,Jizerka,1,S.fuscum,50.82752778,15.32844444,23.54457592,-26.5672054,67.89808917,-10.642585,-8.883821726,-12.28572726,-10.12993337,-8.854576147,-12.50255938,14,865,15.3682902033333,573.84136753,550.85572711,2013
Czech Republic,Jizerka,3,S.fuscum,50.82713889,15.32827778,23.26727486,-25.84605155,61.5003538433333,-10.642585,-8.883821726,-12.28572726,-10.12993337,-8.854576147,-12.50255938,14,865,15.3682902033333,573.84136753,550.85572711,2013
Poland (SE),Puścizna Wielka bog,1,S.magellanicum,49.45275,19.75638889,21.88799566,-29.56068184,119.49363058,-10.38394455,-8.44998765,-12.18435979,-10.13668614,-8.356547553,-12.46230739,31,649,14.4375040683333,523.84028751,492.25987504,2013
Poland (SE),Puścizna Wielka bog,3,S.magellanicum,49.45325,19.76105556,22.09484238,-29.97713586,25.738853504,-10.38394455,-8.44998765,-12.18435979,-10.13668614,-8.356547553,-12.46230739,17,653,14.4375040683333,523.84028751,492.25987504,2013
Poland (SE),Puścizna Wielka bog,1,S.fuscum,49.45338889,19.7565,22.68828471,-28.26334592,127.1443736675,-10.38394455,-8.44998765,-12.18435979,-10.13668614,-8.356547553,-12.46230739,33,650,14.4375040683333,523.84028751,492.25987504,2013
Poland (SE),Puścizna Wielka bog,3,S.fuscum,49.45236111,19.75647222,23.195014,-28.54506482,111.560509565,-10.38394455,-8.44998765,-12.18435979,-10.13668614,-8.356547553,-12.46230739,44,651,14.4375040683333,523.84028751,492.25987504,2013
Poland (SE),Tarnawa Niżna,1,S.magellanicum,49.11186111,22.82702778,20.6347,-29.5406,68.2165605075,-10.39018496,-8.387062391,-12.27184939,-10.27726496,-8.46345157,-12.24224981,75,670,14.162372843,534.85356951,371.67142309,2013
Poland (SE),Tarnawa Niżna,3,S.magellanicum,49.112,22.82747222,21.5861,-29.4183,21.77707006425,-10.39018496,-8.387062391,-12.27184939,-10.27726496,-8.46345157,-12.24224981,75,671,14.162372843,534.85356951,371.67142309,2013
Poland (SE),Zakole bog,2,S.magellanicum,49.21588889,22.74138889,19.3587,-27.7593,80.56687898,-10.39018496,-8.387062391,-12.27184939,-10.46009597,-8.483569808,-12.32769654,33,565,15.954125975,513.06099424,545.11085616,2014
Poland (SE),Zakole bog,4,S.magellanicum,49.21522222,22.74197222,20.422,-29.4254,123.0891719925,-10.39018496,-8.387062391,-12.27184939,-10.46009597,-8.483569808,-12.32769654,30,562,15.954125975,513.06099424,545.11085616,2014
Poland (SE),Zakole bog,2,S.fuscum,49.21575,22.74122222,21.8361,-28.1345,105.7685774975,-10.39018496,-8.387062391,-12.27184939,-10.46009597,-8.483569808,-12.32769654,48,566,15.954125975,513.06099424,545.11085616,2014
Poland (SE),Zakole bog,4,S.fuscum,49.21519444,22.74166667,22.1909,-28.4598,138.1677282375,-10.39018496,-8.387062391,-12.27184939,-10.46009597,-8.483569808,-12.32769654,26,563,15.954125975,513.06099424,545.11085616,2014
Sweden (N),Abisko mire,1,S.fuscum,68.35916,18.81038,21.06653941,-27.71115192,43.87557712,-15.00302712,-12.55606254,-17.07350969,-14.966131,-12.22646214,-17.21161904,34,356,5.72699890133333,253.69744410683,782.13933193,2013
Sweden (N),Abisko mire,3,S.fuscum,68.35916,18.81038,21.26157056,-29.38802774,-33.73687479,-15.00302712,-12.55606254,-17.07350969,-14.966131,-12.22646214,-17.21161904,34,356,5.72699890133333,253.69744410683,782.13933193,2013
Sweden (N),Storflaket,1,S.fuscum,68.34711,18.97589,21.07381147,-28.73349658,-65.141278025,-15.14327041,-12.6688331,-17.24455261,-15.10510076,-12.33609113,-17.3825979,42,387,5.72699890133333,253.69744410683,782.13933193,2013
Sweden (N),Storflaket,3,S.fuscum,68.34711,18.97589,21.01403642,-28.66296145,-18.83617141,-15.14327041,-12.6688331,-17.24455261,-15.10510076,-12.33609113,-17.3825979,25,387,5.72699890133333,253.69744410683,782.13933193,2013
Sweden (N),Stordalen,1,S.fuscum,68.3528,19.03689,20.68657395,-29.77726763,63.6037571233333,-15.0508759,-12.59259892,-17.13080716,-15.01379208,-12.26233841,-17.26985436,38,378,5.72699890133333,253.69744410683,782.13933193,2013
Sweden (N),Stordalen,3,S.fuscum,68.3528,19.03689,20.70675266,-28.84346319,0,-15.0508759,-12.59259892,-17.13080716,-15.01379208,-12.26233841,-17.26985436,28,378,5.72699890133333,253.69744410683,782.13933193,2013
Estonia (SW),Tolkuse bog,1,S.magellanicum,58.13888889,24.51972222,21.49831833,-28.14784206,93.6305732333333,-11.26898527,-9.467522303,-12.76252937,-11.42150403,-9.453083915,-13.00258809,14,10,15.5547068278333,439.27736171,290.59385228,2013
Estonia (SW),Tolkuse bog,3,S.magellanicum,58.13888889,24.51972222,21.19897572,-29.04028146,73.74946922,-11.26898527,-9.467522303,-12.76252937,-11.42150403,-9.453083915,-13.00258809,19,10,15.5547068278333,439.27736171,290.59385228,2013
Estonia (SW),Tolkuse bog,1,S.fuscum,58.13888889,24.51972222,21.97282065,-28.76818692,208.649681533333,-11.26898527,-9.467522303,-12.76252937,-11.42150403,-9.453083915,-13.00258809,18,10,15.5547068278333,439.27736171,290.59385228,2013
Estonia (SW),Tolkuse bog,3,S.fuscum,58.13888889,24.51972222,21.11741275,-27.66255354,234.547770696667,-11.26898527,-9.467522303,-12.76252937,-11.42150403,-9.453083915,-13.00258809,41,10,15.5547068278333,439.27736171,290.59385228,2013
Estonia (central),Parika bog,2,S.magellanicum,58.475,25.77041667,20.95522388,-29.33921649,415.555555566667,-11.56064693,-9.68835036,-13.12065029,-11.53908994,-9.583318613,-13.24348953,31,52,15.389632161,438.07131975,302.82365536,2013
Estonia (central),Parika bog,3,S.magellanicum,58.475,25.77041667,21.83251138,-26.4938813,192.09908,-11.56064693,-9.68835036,-13.12065029,-11.53908994,-9.583318613,-13.24348953,12,52,15.389632161,438.07131975,302.82365536,2013
Estonia (central),Parika bog,1,S.fuscum,58.475,25.77041667,22.18208955,-28.70057131,88.4076432866667,-11.56064693,-9.68835036,-13.12065029,-11.53908994,-9.583318613,-13.24348953,41,52,15.389632161,438.07131975,302.82365536,2013
Estonia (central),Parika bog,3,S.fuscum,58.475,25.77041667,22.6301214,-29.83979196,282.1811748,-11.56064693,-9.68835036,-13.12065029,-11.53908994,-9.583318613,-13.24348953,42,52,15.389632161,438.07131975,302.82365536,2013
Estonia (central),Männikjärve bog,1,S.magellanicum,58.87583333,26.24722222,20.52935323,-27.43756376,91.9065817433333,-11.76919373,-9.856688023,-13.36753178,-11.62763305,-9.727582932,-13.46928416,21,81,15.0408620203333,477.27281921,353.01171037,2013
Estonia (central),Männikjärve bog,3,S.magellanicum,58.87583333,26.24722222,20.91540212,-25.97889048,311.691436666667,-11.76919373,-9.856688023,-13.36753178,-11.62763305,-9.727582932,-13.46928416,18,81,15.0408620203333,477.27281921,353.01171037,2013
Estonia (central),Männikjärve bog,1,S.fuscum,58.87583333,26.24722222,21.29154229,-27.86196695,274.976645433333,-11.76919373,-9.856688023,-13.36753178,-11.62763305,-9.727582932,-13.46928416,31,81,15.0408620203333,477.27281921,353.01171037,2013
Estonia (central),Männikjärve bog,3,S.fuscum,58.87583333,26.24722222,22.27067527,-28.04599225,308.4713376,-11.76919373,-9.856688023,-13.36753178,-11.62763305,-9.727582932,-13.46928416,34,81,15.0408620203333,477.27281921,353.01171037,2013
Estonia (NE),Seli bog,1,S.magellanicum,59.17055556,27.27388889,20.09552239,-28.29147113,363.6334041,-11.9087913,-9.956700961,-13.53629994,-11.60257768,-9.820403044,-13.58430884,27,58,15.0659525555,552.78740889,424.64325045,2013
Estonia (NE),Seli bog,3,S.magellanicum,59.17055556,27.27388889,,-28.23261269,383.8159943,-11.9087913,-9.956700961,-13.53629994,-11.60257768,-9.820403044,-13.58430884,22,58,15.0659525555,552.78740889,424.64325045,2013
Estonia (NE),Seli bog,1,S.fuscum,59.17055556,27.27388889,20.16119403,-31.4673536,91.3036093533333,-11.9087913,-9.956700961,-13.53629994,-11.60257768,-9.820403044,-13.58430884,45,58,15.0659525555,552.78740889,424.64325045,2013
Estonia (NE),Seli bog,3,S.fuscum,59.17055556,27.27388889,21.14681335,-29.23709973,218.451521593333,-11.9087913,-9.956700961,-13.53629994,-11.60257768,-9.820403044,-13.58430884,27,58,15.0659525555,552.78740889,424.64325045,2013
"Switzerland, Jura",Le Cachot,2,S.magellanicum,47.005658,6.665169,20.3401,-25.8575,184.3933803,-9.556801637,-7.927024047,-11.09428596,-9.369977231,-8.108072961,-10.96733388,30.8,1052,14.985228475,606.2892598,780.28808877,2014
"Switzerland, Jura",Le Cachot,4,S.magellanicum,47.005658,6.665169,21.7472,-29.3187,115.599322013333,-9.556801637,-7.927024047,-11.09428596,-9.369977231,-8.108072961,-10.96733388,21.5,1052,14.985228475,606.2892598,780.28808877,2014
"Switzerland, Jura",Le Cachot,2,S.fuscum,47.005658,6.665169,21.0366,-26.9457,166.16850191,-9.556801637,-7.927024047,-11.09428596,-9.369977231,-8.108072961,-10.96733388,26.8,1052,14.985228475,606.2892598,780.28808877,2014
"Switzerland, Jura",Le Cachot,4,S.fuscum,47.005658,6.665169,21.7462,-27.1188,232.33975661,-9.556801637,-7.927024047,-11.09428596,-9.369977231,-8.108072961,-10.96733388,24.5,1052,14.985228475,606.2892598,780.28808877,2014
"Switzerland, Jura",Etang de la Gruere,2,S.magellanicum,47.239622,7.049483,19.7685,-28.1409,484.04674115,-9.33416303,-7.741074403,-10.82912064,-9.149154303,-7.913586107,-10.70430008,19.5,1003,14.985228475,606.2892598,780.28808877,2014
"Switzerland, Jura",Etang de la Gruere,4,S.magellanicum,47.239622,7.049483,20.2372,-28.0676,203.859798233333,-9.33416303,-7.741074403,-10.82912064,-9.149154303,-7.913586107,-10.70430008,15.3,1003,14.985228475,606.2892598,780.28808877,2014
"Switzerland, Jura",Etang de la Gruere,3,S.fuscum,47.239622,7.049483,20.9347,-27.9826,200.640454725,-9.33416303,-7.741074403,-10.82912064,-9.149154303,-7.913586107,-10.70430008,27,1003,14.985228475,606.2892598,780.28808877,2014
Netherlands,Bargerveen,2,S.magellanicum,52.68564,7.024459,21.7741,-27.8511,451.27495765,-8.573320826,-7.40332675,-9.562483072,-8.534775368,-7.388589255,-9.706360467,20,152,16.5661102283333,516.3309289,429.76123009,2014
Finland (S),Tervalamminsuo,1,S.fuscum,60.38738,23.58343,22.1681592,-27.5305102,236.251946206667,-12.04003684,-10.1875294,-13.59316778,-12.08837003,-10.13629916,-13.52080834,16,76,14.1829010015,537.13424091,348.35006829,2013
Finland (S),Tervalamminsuo,3,S.fuscum,60.38772,23.58385,21.70811962,-27.6545677,233.2271762,-12.04003684,-10.1875294,-13.59316778,-12.08837003,-10.13629916,-13.52080834,16,78,14.1829010015,537.13424091,348.35006829,2013
Finland (S),Tervalamminsuo,1,S.magellanicum,60.38716,23.58515,21.69222866,-28.47438776,26.0509554133333,-12.04003684,-10.1875294,-13.59316778,-12.08837003,-10.13629916,-13.52080834,1.5,79,14.1829010015,537.13424091,348.35006829,2013
Finland (S),Tervalamminsuo,3,S.magellanicum,60.38734,23.58524,21.99845156,-27.13764274,19.1719745233333,-12.04003684,-10.1875294,-13.59316778,-12.08837003,-10.13629916,-13.52080834,4,79,14.1829010015,537.13424091,348.35006829,2013
Italy (N),Lupicino,1,S.fuscum,46.42944444,11.41222222,24.44422365,-25.88083061,,-10.47249679,-8.585694551,-12.27849245,-9.79962875,-8.546988828,-12.04682551,14,1288,11.1155334461667,549.55366317,667.25306737,2013
Italy (N),Lupicino,3,S.fuscum,46.42944444,11.41222222,22.71176949,-25.64044599,,-10.47249679,-8.585694551,-12.27849245,-9.79962875,-8.546988828,-12.04682551,8,1288,11.1155334461667,549.55366317,667.25306737,2013
Italy (N),Lupicino,1,S.magellanicum,46.42944444,11.41222222,22.14361846,-27.58193535,,-10.47249679,-8.585694551,-12.27849245,-9.79962875,-8.546988828,-12.04682551,2,1288,11.1155334461667,549.55366317,667.25306737,2013
Italy (N),Lupicino,3,S.magellanicum,46.42944444,11.41222222,21.61340439,-27.68729542,,-10.47249679,-8.585694551,-12.27849245,-9.79962875,-8.546988828,-12.04682551,5,1288,11.1155334461667,549.55366317,667.25306737,2013
Poland (N),Tuchola (BT),1,S.fuscum,53.8296014,17.5632897,22.58802276,-28.49300806,630.601556966667,-10.09149659,-8.520448923,-11.5125432,-9.796742583,-8.458114911,-11.74688878,21,127,15.5363606766667,438.33312961,380.63222149,2013
Poland (N),Tuchola (BT),2,S.magellanicum,53.8296014,17.5632897,22.97642489,-26.49749923,268.0254777,-10.09149659,-8.520448923,-11.5125432,-9.796742583,-8.458114911,-11.74688878,11,127,15.5363606766667,438.33312961,380.63222149,2013
Poland (N),Tuchola (BT),3,S.magellanicum,53.8296014,17.5632897,24.63210189,-27.36409105,225.1380042,-10.09149659,-8.520448923,-11.5125432,-9.796742583,-8.458114911,-11.74688878,13,127,15.5363606766667,438.33312961,380.63222149,2013
Poland (N),Tuchola (BT),4,S.fuscum,53.8296014,17.5632897,22.92945533,-27.35082168,385.4522293,-10.09149659,-8.520448923,-11.5125432,-9.796742583,-8.458114911,-11.74688878,16,127,15.5363606766667,438.33312961,380.63222149,2013
Poland (N),Linkowo,2,S.magellanicum,52.9544943,15.9308732,21.75079145,-27.14361539,342.760084933333,-9.595250726,-8.115451097,-10.91880155,-9.428315431,-8.053054396,-11.17829783,9,46,16.5399617516667,513.18425783,336.34775893,2013
Poland (N),Linkowo,3,S.fuscum,52.9544943,15.9308732,23.08662271,-28.61957742,286.7303609,-9.595250726,-8.115451097,-10.91880155,-9.428315431,-8.053054396,-11.17829783,13,46,16.5399617516667,513.18425783,336.34775893,2013
Poland (N),Linkowo,4,S.magellanicum,52.9544943,15.9308732,22.49376731,-26.15555782,921.1464967,-9.595250726,-8.115451097,-10.91880155,-9.428315431,-8.053054396,-11.17829783,11,46,16.5399617516667,513.18425783,336.34775893,2013
Poland (N),Linkowo,6,S.fuscum,52.9544943,15.9308732,24.14072803,-27.03848117,189.159235686667,-9.595250726,-8.115451097,-10.91880155,-9.428315431,-8.053054396,-11.17829783,19.5,46,16.5399617516667,513.18425783,336.34775893,2013
"UK, England",Fenns and Whixall Mosses,A,S.magellanicum,52.915,-2.773,23.17270689,-27.355,546.921443733333,-8.27876989,-7.176685333,-9.193771124,-8.282948045,-7.008272894,-9.283689686,8.2,90,14.0132690433333,524.17905812,419.27633555,2013
"UK, England",Fenns and Whixall Mosses,C,S.magellanicum,52.915,-2.773,20.8400271,-28.52222675,123.991507406667,-8.27876989,-7.176685333,-9.193771124,-8.282948045,-7.008272894,-9.283689686,19.5,90,14.0132690433333,524.17905812,419.27633555,2013
"UK,Wales",Cors Fochno,A,S.magellanicum,52.502,-4.011,22.40304502,-28.15295918,199.900920053333,-8.617928942,-7.447927872,-9.608764648,-8.715751286,-7.375715846,-9.704403132,,4,13.3215474433333,514.31887908,568.12258825,2013
"UK,Wales",Cors Fochno,C,S.magellanicum,52.502,-4.011,22.79783219,-29.46125612,93.9278131566667,-8.617928942,-7.447927872,-9.608764648,-8.715751286,-7.375715846,-9.704403132,,4,13.3215474433333,514.31887908,568.12258825,2013
"UK,Wales",Cors Fochno,E,S.fuscum,52.502,-4.011,23.69017373,-29.20602041,59.808917195,-8.617928942,-7.447927872,-9.608764648,-8.715751286,-7.375715846,-9.704403132,,4,13.3215474433333,514.31887908,568.12258825,2013
"UK,Wales",Cors Fochno,G,S.fuscum,52.502,-4.011,23.41236814,-26.79098695,260.552016966667,-8.617928942,-7.447927872,-9.608764648,-8.715751286,-7.375715846,-9.704403132,,4,13.3215474433333,514.31887908,568.12258825,2013
"UK, Scotland",Flanders Moss,A,S.magellanicum,56.151,-4.207,21.5269008,-29.67438776,43.0290162766667,-9.241710107,-8.080453555,-10.22317505,-9.407509794,-8.132562826,-10.34863778,0.7,19,12.4432820625,455.44070884,607.5775559,2013
"UK, Scotland",Flanders Moss,C,S.magellanicum,56.151,-4.207,21.30552598,-26.7298124,170.615711233333,-9.241710107,-8.080453555,-10.22317505,-9.407509794,-8.132562826,-10.34863778,0.6,19,12.4432820625,455.44070884,607.5775559,2013
"UK, Scotland",Moidach More,A,S.magellanicum,57.453,-3.629,21.71102294,-28.73531811,,-10.06937846,-8.816500823,-11.15099978,-9.9720564,-8.79402364,-11.20936381,1.1,274,12.1477142341667,459.28683122,383.3612322,2013
"UK, Scotland",Moidach More,C,S.magellanicum,57.453,-3.629,23.0671586,-28.11112245,33.97027601,-10.06937846,-8.816500823,-11.15099978,-9.9720564,-8.79402364,-11.20936381,,274,12.1477142341667,459.28683122,383.3612322,2013
"UK, Scotland",Forsinard Flows,A,S.magellanicum,58.382,-3.828,21.69316271,-29.03969388,11.96036801,-10.12862082,-8.893227657,-11.18171668,-10.2679355,-8.922297478,-11.26731406,2.3,182,12.337452187,414.40211521,456.973152,2013
"UK, Scotland",Forsinard Flows,C,S.magellanicum,58.382,-3.828,21.8348979,-25.43495106,121.81174806,-10.12862082,-8.893227657,-11.18171668,-10.2679355,-8.922297478,-11.26731406,0,182,12.337452187,414.40211521,456.973152,2013
"UK, Scotland",Forsinard Flows,E,S.fuscum,58.382,-3.828,22.97748926,-26.83255102,146.0438783,-10.12862082,-8.893227657,-11.18171668,-10.2679355,-8.922297478,-11.26731406,9.5,182,12.337452187,414.40211521,456.973152,2013
"UK, Scotland",Forsinard Flows,G,S.fuscum,58.382,-3.828,22.55879222,-28.11643556,58.2590233566667,-10.12862082,-8.893227657,-11.18171668,-10.2679355,-8.922297478,-11.26731406,13.3,182,12.337452187,414.40211521,456.973152,2013
"Bulgaria, Vitosha Mts",Kapaklivets,1,S.fuscum,42.593977,23.280245,21.19198255,-27.53667993,10.1061571136667,-8.734725197,-6.998106559,-10.40091896,-8.677086462,-7.01528246,-10.58303842,28.5,1829,18.38520711,372.94272465,312.03521124,2013
"Bulgaria, Vitosha Mts",Kapaklivets,1,S.magellanicum,42.593977,23.280245,21.59740024,-27.75400469,26.9497523,-8.734725197,-6.998106559,-10.40091896,-8.677086462,-7.01528246,-10.58303842,5.9,1829,18.38520711,372.94272465,312.03521124,2013
"Bulgaria, Vitosha Mts",Kapaklivets,3,S.magellanicum,42.593977,23.280245,20.7030637,-29.13308179,58.1457891033333,-8.734725197,-6.998106559,-10.40091896,-8.677086462,-7.01528246,-10.58303842,48.3,1829,18.38520711,372.94272465,312.03521124,2013
"Bulgaria, Vitosha Mts",Kapaklivets,3,S.fuscum,42.593977,23.280245,22.26200262,-27.42902305,25.2653927833333,-8.734725197,-6.998106559,-10.40091896,-8.677086462,-7.01528246,-10.58303842,38.3,1829,18.38520711,372.94272465,312.03521124,2013
"Bulgaria, Western Stara planina Mts",Petrohan pass,1,S.magellanicum,43.117778,23.1225,21.61194437,-29.91194776,16.2491153566667,-8.396045446,-6.707891464,-9.981874943,-8.360991538,-6.785570593,-10.09685326,24,1376,17.680474855,337.57481144,278.55046882,2013
"Bulgaria, Western Stara planina Mts",Petrohan pass,3,S.magellanicum,43.117778,23.1225,20.79179899,-30.21813176,30.1910828033333,-8.396045446,-6.707891464,-9.981874943,-8.360991538,-6.785570593,-10.09685326,29,1376,17.680474855,337.57481144,278.55046882,2013
"Bulgaria, Western Rodopi Mts",Shiroka Polyana,1,S.fuscum,41.756378,24.144839,23.05908554,-28.5365779,54.64968153,-8.42435654,-6.751588901,-10.05046678,-8.65818319,-6.84571127,-10.26052219,22.2,1544,18.02081197,351.18921737,256.537033315,2013
"Bulgaria, Western Rodopi Mts",Shiroka Polyana,3,S.fuscum,41.756378,24.144839,21.35036428,-28.68437691,92.3566879066667,-8.42435654,-6.751588901,-10.05046678,-8.65818319,-6.84571127,-10.26052219,31.1,1544,18.02081197,351.18921737,256.537033315,2013
"Bulgaria, Western Rodopi Mts",Shiroka Polyana,1,S.magellanicum,41.756378,24.144839,22.72184347,-28.90286705,77.67869781,-8.42435654,-6.751588901,-10.05046678,-8.65818319,-6.84571127,-10.26052219,29.8,1544,18.02081197,351.18921737,256.537033315,2013
"Bulgaria, Western Rodopi Mts",Shiroka Polyana,3,S.magellanicum,41.756378,24.144839,22.46936297,-29.9509484,14.777070064,-8.42435654,-6.751588901,-10.05046678,-8.65818319,-6.84571127,-10.26052219,32.3,1544,18.02081197,351.18921737,256.537033315,2013
"Bulgaria, Central Rhodopes Mts",Chairski lakes,3,S.magellanicum,41.590646,24.446419,24.62609752,-27.98582501,39.7027600833333,-8.158442497,-6.533687194,-9.738643885,-8.637028226,-6.654252172,-10.02262434,32.2,1377,17.8211914066667,341.37996846,218.318359876,2013
"Russia, South of West Siberia",Nikolaevka,1,S.magellanicum,55.1316,79.0316,16.72835821,-28.9964293,197.0700637,-19.96311378,-15.71456814,-22.6987462,-18.43730868,-15.09981573,-22.31537899,40,119,12.6086517341667,379.63858463,325.71052186,2013
"Russia, South of West Siberia",Nikolaevka,4,S.magellanicum,55.1316,79.0316,17.25360395,-28.51407302,396.0410474,-19.96311378,-15.71456814,-22.6987462,-18.43730868,-15.09981573,-22.31537899,23,119,12.6086517341667,379.63858463,325.71052186,2013
"Russia, South of West Siberia",Nikolaevka,2,S.fuscum,55.1316,79.0316,17.88557214,-29.0433585,306.015569733333,-19.96311378,-15.71456814,-22.6987462,-18.43730868,-15.09981573,-22.31537899,50,119,12.6086517341667,379.63858463,325.71052186,2013
"Russia, South of West Siberia",Nikolaevka,3,S.fuscum,55.1316,79.0316,18.72932473,-29.65317153,230.063694266667,-19.96311378,-15.71456814,-22.6987462,-18.43730868,-15.09981573,-22.31537899,32,119,12.6086517341667,379.63858463,325.71052186,2013
"Russia, South of West Siberia",Plotnikovo,1,S.magellanicum,56.85009,82.8311,18.99654399,-26.9927551,403.524416133333,-18.5808177,-14.41998514,-21.52061605,-16.98874046,-13.8533879,-21.21516977,5,118,11.12796936,450.58371136,456.31143115,2013
"Russia, South of West Siberia",Plotnikovo,3,S.magellanicum,56.85009,82.8311,18.88512533,-27.72491843,324.784147233333,-18.5808177,-14.41998514,-21.52061605,-16.98874046,-13.8533879,-21.21516977,15,118,11.12796936,450.58371136,456.31143115,2013
"Russia, South of West Siberia",Plotnikovo,1,S.fuscum,56.85009,82.8311,20.23603587,-26.70295918,399.716914366667,-18.5808177,-14.41998514,-21.52061605,-16.98874046,-13.8533879,-21.21516977,30,118,11.12796936,450.58371136,456.31143115,2013
"Russia, South of West Siberia",Plotnikovo,3,S.fuscum,56.85009,82.8311,18.44188522,-26.86643556,344.7983015,-18.5808177,-14.41998514,-21.52061605,-16.98874046,-13.8533879,-21.21516977,25,118,11.12796936,450.58371136,456.31143115,2013
"Russia, Middle of West Siberia",Niznevartovsk,1,S.magellanicum,60.916,76.8116,19.64291052,-30.89785714,92.0028308466667,-19.65605696,-15.47501008,-23.13564348,-18.74938271,-15.27015494,-22.5588709,25,44,9.6042978925,457.22838157,436.46166588,2013
"Russia, Middle of West Siberia",Niznevartovsk,1,S.fuscum,60.916,76.8116,20.04455446,-27.33561224,541.3375796,-19.65605696,-15.47501008,-23.13564348,-18.74938271,-15.27015494,-22.5588709,15,44,9.6042978925,457.22838157,436.46166588,2013
"Russia, Middle of West Siberia",Niznevartovsk,3,S.fuscum,60.916,76.8116,19.86646434,-28.40495615,265.477707,-19.65605696,-15.47501008,-23.13564348,-18.74938271,-15.27015494,-22.5588709,15,44,9.6042978925,457.22838157,436.46166588,2013
"Russia, North of West Siberia",Tetu-Mamontotay,1,S.magellanicum,63.221,75.7112,18.37014925,-29.52897368,348.450106133333,-19.93398897,-15.53627221,-23.7419076,-18.58045249,-15.16769158,-23.19158101,60,118,7.61838683983333,389.528438804,479.84099208,2013
"Russia, North of West Siberia",Tetu-Mamontotay,2,S.fuscum,63.221,75.7112,18.5641791,-29.16782289,158.7232838,-19.93398897,-15.53627221,-23.7419076,-18.58045249,-15.16769158,-23.19158101,59,118,7.61838683983333,389.528438804,479.84099208,2013
"Russia, North of West Siberia",Tetu-Mamontotay,3,S.fuscum,63.221,75.7112,20.33782246,-26.87833979,253.467799,-19.93398897,-15.53627221,-23.7419076,-18.58045249,-15.16769158,-23.19158101,70,118,7.61838683983333,389.528438804,479.84099208,2013
"Russia, Middle of West Siberia",Pogranichnoe,1,S.magellanicum,62.9707,75.18102,18.26050813,-30.62132653,106.77990093,-19.86228665,-15.48998594,-23.67562294,-18.35297749,-14.985683,-23.16885169,56,103,7.5825439455,391.854832582,501.19712141,2013
"Russia, Middle of West Siberia",Pogranichnoe,3,S.magellanicum,62.9707,75.18102,17.90705615,-31.2542321,67.9405520166667,-19.86228665,-15.48998594,-23.67562294,-18.35297749,-14.985683,-23.16885169,38,103,7.5825439455,391.854832582,501.19712141,2013
"Russia, Middle of West Siberia",Kogalym,1,S.magellanicum,62.230191,74.13096,16.93233831,-28.82911651,116.518046693333,-19.44545348,-15.21502622,-23.19691801,-18.22710825,-14.77249994,-22.67458719,20,75,8.804289755,443.28371997,467.62956192,2013
"Russia, Middle of West Siberia",Kogalym,3,S.magellanicum,62.230191,74.13096,19.77636571,-30.22527024,48.1528662433333,-19.44545348,-15.21502622,-23.19691801,-18.22710825,-14.77249994,-22.67458719,30,75,8.804289755,443.28371997,467.62956192,2013
"Russia, Middle of West Siberia",Kogalym,1,S.fuscum,62.230191,74.13096,18.70248756,-28.02417874,306.1571125,-19.44545348,-15.21502622,-23.19691801,-18.22710825,-14.77249994,-22.67458719,30,75,8.804289755,443.28371997,467.62956192,2013
"Russia, Middle of West Siberia",Kogalym,3,S.fuscum,62.230191,74.13096,19.58478756,-29.70314093,188.2661005,-19.44545348,-15.21502622,-23.19691801,-18.22710825,-14.77249994,-22.67458719,60,75,8.804289755,443.28371997,467.62956192,2013
"Russia, North of West Siberia",Gupkinskoe,1,S.fuscum,64.55025,76.95076,18.94228856,-27.26617017,156.77282377,-20.29189746,-15.73210112,-24.17377043,-18.76759877,-15.36892542,-23.27820626,50,40,7.02524719263333,365.764989713,476.27998618,2013
"Russia, North of West Siberia",Gupkinskoe,4,S.fuscum,64.55025,76.95076,19.03091806,-27.3566184,145.194621356667,-20.29189746,-15.73210112,-24.17377043,-18.76759877,-15.36892542,-23.27820626,10,40,7.02524719263333,365.764989713,476.27998618,2013
"Russia, North of West Siberia",Pangody,1,S.fuscum,65.87059,74.95099,17.09054726,-28.49449092,210.155697133333,-20.83835053,-16.07168627,-24.94688606,-19.12984376,-15.4005733,-24.39309494,15,62,5.82597757963333,347.3158840822,418.51450868,2013
"Russia, North of West Siberia",Pangody,3,S.fuscum,65.87059,74.95099,17.98767071,-29.16061595,200.288747333333,-20.83835053,-16.07168627,-24.94688606,-19.12984376,-15.4005733,-24.39309494,20,62,5.82597757963333,347.3158840822,418.51450868,2013
"Russia, North of West Siberia",Hanimey,2,S.fuscum,63.78,75.55,17.0609,-26.4634,145.647558366667,-20.1287818,-15.62877337,-24.03065825,-18.64367103,-15.20093987,-23.28052711,100,66,5.76044616846667,366.946092432,620.83666718,2014
"Russia, North of West Siberia",Hanimey,4,S.fuscum,63.78,75.55,17.6508,-25.9128,653.2767162,-20.1287818,-15.62877337,-24.03065825,-18.64367103,-15.20093987,-23.28052711,41,66,5.76044616846667,366.946092432,620.83666718,2014
"Russia, North of West Siberia",Hanimey,2,S.magellanicum,63.78,75.55,15.2903,-31.0966,129.936305733333,-20.1287818,-15.62877337,-24.03065825,-18.64367103,-15.20093987,-23.28052711,43,66,5.76044616846667,366.946092432,620.83666718,2014
"Russia, North of West Siberia",Hanimey,4,S.magellanicum,63.78,75.55,15.5662,-29.1379,99.8726114533333,-20.1287818,-15.62877337,-24.03065825,-18.64367103,-15.20093987,-23.28052711,50,66,5.76044616846667,366.946092432,620.83666718,2014
"Russia, Komi Republic",Ust-pozheg,1,S.magellanicum,61.94259,50.273818,20.19389146,-30.36394245,28.66242038,-15.61125771,-12.55791998,-18.4262619,-15.09333211,-12.20353881,-18.32777434,20,86,11.5564768489667,545.49774704,464.65091207,2013
"Russia, Komi Republic",Ust-pozheg,1,S.fuscum,61.94259,50.273818,20.93927825,-29.78645036,202.0948337,-15.61125771,-12.55791998,-18.4262619,-15.09333211,-12.20353881,-18.32777434,30,86,11.5564768489667,545.49774704,464.65091207,2013
"Russia, Komi Republic",Ust-pozheg,3,S.magellanicum,61.94259,50.273818,20.12063733,-30.10289619,138.726114643333,-15.61125771,-12.55791998,-18.4262619,-15.09333211,-12.20353881,-18.32777434,15,86,11.5564768489667,545.49774704,464.65091207,2013
"Russia, Komi Republic",Ust-pozheg,3,S.fuscum,61.94259,50.273818,20.51138088,-30.22119111,63.3121019133333,-15.61125771,-12.55791998,-18.4262619,-15.09333211,-12.20353881,-18.32777434,40,86,11.5564768489667,545.49774704,464.65091207,2013
"Russia, Komi Republic",Kuzobnjur,6,S.fuscum,61.838269,53.297717,22.3191528,-26.17457402,133.085633413333,-16.12669055,-12.92293421,-19.10377908,-15.63065507,-12.73761735,-19.10337706,40,117,10.8707265213333,512.09603929,505.2889238,2013
"Russia, Komi Republic",Kuzobnjur,8,S.fuscum,61.838269,53.297717,20.76270865,-27.74515603,121.330502476667,-16.12669055,-12.92293421,-19.10377908,-15.63065507,-12.73761735,-19.10337706,45,117,10.8707265213333,512.09603929,505.2889238,2013
"Russia, Middle of West Siberia",Mukhrino,2,S.magellanicum,60.8996,68.68764,15.9143,-29.7201,116.518046686667,-18.2254401,-14.40418577,-21.9806571,-16.7567404,-13.72800965,-21.44275765,40,34,10.4534444173333,465.40340837,450.40951882,2013
"Russia, Middle of West Siberia",Mukhrino,1,S.fuscum,60.8996,68.68764,17.5726,-29.9097,470.997876875,-18.2254401,-14.40418577,-21.9806571,-16.7567404,-13.72800965,-21.44275765,25,34,9.1290679935,477.42227876,666.13336011,2014
"Russia, Middle of West Siberia",Mukhrino,2,S.fuscum,60.89906,68.68948,18.9724,-26.5286,833.64118905,-18.2254401,-14.40418577,-21.9806571,-16.7567404,-13.72800965,-21.44275765,40,34,9.1290679935,477.42227876,666.13336011,2014
"Russia, Middle of West Siberia",Kondinskie Lakes,1,S.magellanicum,60.85283,63.5235,21.20107263,-30.05887154,238.5279547,-17.94900107,-14.23044602,-21.54193306,-17.26858034,-14.41049113,-20.68187972,16,71,10.8880401625,479.1847597,356.77465452,2013
"Russia, Middle of West Siberia",Kondinskie Lakes,3,S.magellanicum,60.85411,63.51699,19.80861153,-30.46491944,76.94267514,-17.94900107,-14.23044602,-21.54193306,-17.26858034,-14.41049113,-20.68187972,42,68,10.8880401625,479.1847597,356.77465452,2013
"Canada, NT (S)",Scotty Creek,1,S.magellanicum,61.308833,-121.305166,12.57313433,-28.9688839,43.4781316333333,-21.26576511,-17.86744547,-24.99429226,-19.50998013,-17.30865418,-24.81821047,12.2,282,12.3997436518333,392.79440987,324.76089753,2013
"Canada, NT (S)",Scotty Creek,3,S.magellanicum,61.308833,-121.305166,12.89757208,-27.08331634,14.4934182613333,-21.26576511,-17.86744547,-24.99429226,-19.50998013,-17.30865418,-24.81821047,9.5,282,12.3997436518333,392.79440987,324.76089753,2013
"Canada, NT (S)",Scotty Creek,1,S.fuscum,61.308833,-121.305166,14.54726368,-30.41858804,44.9900636966667,-21.26576511,-17.86744547,-24.99429226,-19.50998013,-17.30865418,-24.81821047,16,282,12.3997436518333,392.79440987,324.76089753,2013
"Canada, NT (S)",Scotty Creek,3,S.fuscum,61.308833,-121.305166,14.45011381,-30.17836019,51.1333333333333,-21.26576511,-17.86744547,-24.99429226,-19.50998013,-17.30865418,-24.81821047,33,282,12.3997436518333,392.79440987,324.76089753,2013
"Canada, ON (E) ",Mer Bleue,1,S.magellanicum,45.40944166,-75.518708,19.68030179,-29.98336904,,-10.99063651,-7.877093156,-13.91876292,-10.30772685,-7.826113007,-13.93900437,34,68,16.87532959,643.82676573,564.99957279,2013
"Canada, ON (E) ",Mer Bleue,3,S.magellanicum,45.40944166,-75.518708,19.15326252,-30.26504181,,-10.99063651,-7.877093156,-13.91876292,-10.30772685,-7.826113007,-13.93900437,32,68,16.87532959,643.82676573,564.99957279,2013
"USA, New York",Bloomindale Bog,1,S.fuscum,44.383778,-74.140796,21.201425,-28.16075135,158.84600144,-11.75886142,-8.543009837,-14.8413806,-10.57987249,-8.380998149,-14.48011729,,474,15.6537058515,654.69646436,705.22473107,2013
"USA, New York",Bloomindale Bog,2,S.fuscum,44.383778,-74.140796,22.55609418,-27.80375675,166.957112506667,-11.75886142,-8.543009837,-14.8413806,-10.57987249,-8.380998149,-14.48011729,,474,15.6537058515,654.69646436,705.22473107,2013
"USA, New York",Bloomindale Bog,3,S.fuscum,44.383778,-74.140796,21.89918876,-28.59246575,67.26242037,-11.75886142,-8.543009837,-14.8413806,-10.57987249,-8.380998149,-14.48011729,,474,15.6537058515,654.69646436,705.22473107,2013
"USA, New York",Bloomindale Bog,4,S.fuscum,44.383778,-74.140796,20.83864266,-27.34817352,439.917905166667,-11.75886142,-8.543009837,-14.8413806,-10.57987249,-8.380998149,-14.48011729,,474,15.6537058515,654.69646436,705.22473107,2013
"USA, Maine",Great Waas Island,1,S.fuscum,44.472147,-67.582071,21.59447962,-29.19972869,319.62908705,-10.03902078,-7.487976551,-12.55881715,-9.590767389,-7.439747022,-12.32843333,41,15,14.657017008,612.56618774,659.50401719,2013
"USA, Maine",Great Waas Island,2,S.fuscum,44.472147,-67.582071,21.70528294,-28.57153292,270.188959666667,-10.03902078,-7.487976551,-12.55881715,-9.590767389,-7.439747022,-12.32843333,30,15,14.657017008,612.56618774,659.50401719,2013
"USA, Maine",Great Waas Island,3,S.fuscum,44.472147,-67.582071,22.55114761,-29.20181572,331.899646133333,-10.03902078,-7.487976551,-12.55881715,-9.590767389,-7.439747022,-12.32843333,39,15,14.657017008,612.56618774,659.50401719,2013
"USA, Maine",Great Waas Island,4,S.fuscum,44.472147,-67.582071,22.54521171,-28.55692372,254.4433121,-10.03902078,-7.487976551,-12.55881715,-9.590767389,-7.439747022,-12.32843333,46,15,14.657017008,612.56618774,659.50401719,2013
"USA, Maine",Great Waas Island,1,S.magellanicum,44.472147,-67.582071,21.10575782,-31.14692685,112.980042436667,-10.03902078,-7.487976551,-12.55881715,-9.590767389,-7.439747022,-12.32843333,49,15,14.657017008,612.56618774,659.50401719,2013
"USA, Maine",Great Waas Island,2,S.magellanicum,44.472147,-67.582071,20.67144836,-31.26797454,103.004953993333,-10.03902078,-7.487976551,-12.55881715,-9.590767389,-7.439747022,-12.32843333,58,15,14.657017008,612.56618774,659.50401719,2013
"USA, New York",Greenwoods Conservancy,1,S.fuscum,42.71707,-75.0990505,21.53745427,-27.62525944,140.193347503333,-10.50728854,-7.474998315,-13.38437057,-9.381620964,-7.303741294,-12.76658141,,545,16.4624674483333,701.33521455,728.93399818,2013
"USA, New York",Greenwoods Conservancy,2,S.fuscum,42.71707,-75.0990505,21.25919507,-26.28237858,210.980325533333,-10.50728854,-7.474998315,-13.38437057,-9.381620964,-7.303741294,-12.76658141,,545,16.4624674483333,701.33521455,728.93399818,2013
"USA, New York",Greenwoods Conservancy,3,S.fuscum,42.71707,-75.0990505,21.65299442,-25.71367787,111.97622082,-10.50728854,-7.474998315,-13.38437057,-9.381620964,-7.303741294,-12.76658141,,545,16.4624674483333,701.33521455,728.93399818,2013
"USA, New York",Greenwoods Conservancy,4,S.fuscum,42.71707,-75.0990505,21.49508954,-28.45547945,128.463694285,-10.50728854,-7.474998315,-13.38437057,-9.381620964,-7.303741294,-12.76658141,,545,16.4624674483333,701.33521455,728.93399818,2013
"USA, New York",Greenwoods Conservancy,1,S.magellanicum,42.71707,-75.0990505,20.02965531,-29.51712329,219.907997166667,-10.50728854,-7.474998315,-13.38437057,-9.381620964,-7.303741294,-12.76658141,,545,16.4624674483333,701.33521455,728.93399818,2013
"USA, New York",Greenwoods Conservancy,2,S.magellanicum,42.71707,-75.0990505,20.48026189,-28.89653383,110.560509543333,-10.50728854,-7.474998315,-13.38437057,-9.381620964,-7.303741294,-12.76658141,,545,16.4624674483333,701.33521455,728.93399818,2013
"USA, New York",Greenwoods Conservancy,3,S.magellanicum,42.71707,-75.0990505,20.60061621,-27.24854711,22.03821656,-10.50728854,-7.474998315,-13.38437057,-9.381620964,-7.303741294,-12.76658141,,545,16.4624674483333,701.33521455,728.93399818,2013
"USA, New York",Greenwoods Conservancy,4,S.magellanicum,42.71707,-75.0990505,20.12016176,-28.33094645,205.4819533,-10.50728854,-7.474998315,-13.38437057,-9.381620964,-7.303741294,-12.76658141,,545,16.4624674483333,701.33521455,728.93399818,2013
"USA, New York",Lake Desolation,1,S.fuscum,43.162063,-73.977556,20.64683227,-27.94489415,510.525831566667,-10.36611911,-7.384649356,-13.1919663,-9.233003323,-7.266567014,-12.4299052,36,514,18.078378295,732.91079965,700.87144133,2013
"USA, New York",Lake Desolation,2,S.fuscum,43.162063,-73.977556,21.13113807,-28.20108526,381.3031847,-10.36611911,-7.384649356,-13.1919663,-9.233003323,-7.266567014,-12.4299052,50,514,18.078378295,732.91079965,700.87144133,2013
"USA, New York",Lake Desolation,3,S.fuscum,43.162063,-73.977556,20.47737339,-29.13085673,449.086341133333,-10.36611911,-7.384649356,-13.1919663,-9.233003323,-7.266567014,-12.4299052,50,514,18.078378295,732.91079965,700.87144133,2013
"USA, New York",Lake Desolation,4,S.fuscum,43.162063,-73.977556,22.04679376,-29.31973286,474.499363066667,-10.36611911,-7.384649356,-13.1919663,-9.233003323,-7.266567014,-12.4299052,48,514,18.078378295,732.91079965,700.87144133,2013
"USA, New York",Lake Desolation,1,S.magellanicum,43.162063,-73.977556,20.86828423,-27.91894977,109.248407656667,-10.36611911,-7.384649356,-13.1919663,-9.233003323,-7.266567014,-12.4299052,21,514,18.078378295,732.91079965,700.87144133,2013
"USA, New York",Lake Desolation,2,S.magellanicum,43.162063,-73.977556,20.93183131,-28.41293068,170.072611466667,-10.36611911,-7.384649356,-13.1919663,-9.233003323,-7.266567014,-12.4299052,28,514,18.078378295,732.91079965,700.87144133,2013
"USA, New York",Lake Desolation,3,S.magellanicum,43.162063,-73.977556,21.6135182,-27.68441262,298.396319866667,-10.36611911,-7.384649356,-13.1919663,-9.233003323,-7.266567014,-12.4299052,26,514,18.078378295,732.91079965,700.87144133,2013
"USA, New York",Lake Desolation,4,S.magellanicum,43.162063,-73.977556,20.35894473,-28.42642175,256.150035366667,-10.36611911,-7.384649356,-13.1919663,-9.233003323,-7.266567014,-12.4299052,22,514,18.078378295,732.91079965,700.87144133,2013
"USA, Maine",Orono Bog,1,S.fuscum,44.869721,-68.727243,21.71943,-28.2543045,212.501061566667,-10.40460058,-7.697102785,-13.05876684,-9.462539488,-7.542898161,-13.1189541,38,42,16.13342692,687.51276958,728.12125403,2013
"USA, Maine",Orono Bog,2,S.fuscum,44.869721,-68.727243,21.93606778,-28.23552124,373.675159233333,-10.40460058,-7.697102785,-13.05876684,-9.462539488,-7.542898161,-13.1189541,43,42,16.13342692,687.51276958,728.12125403,2013
"USA, Maine",Orono Bog,3,S.fuscum,44.869721,-68.727243,21.69728481,-29.75383492,115.4055202,-10.40460058,-7.697102785,-13.05876684,-9.462539488,-7.542898161,-13.1189541,31,42,16.13342692,687.51276958,728.12125403,2013
"USA, Maine",Orono Bog,4,S.fuscum,44.869721,-68.727243,22.27209705,-26.80694981,262.179759366667,-10.40460058,-7.697102785,-13.05876684,-9.462539488,-7.542898161,-13.1189541,27,42,16.13342692,687.51276958,728.12125403,2013
"USA, Maine",Orono Bog,1,S.magellanicum,44.869721,-68.727243,20.46581937,-30.48846916,258.802547766667,-10.40460058,-7.697102785,-13.05876684,-9.462539488,-7.542898161,-13.1189541,52,42,16.13342692,687.51276958,728.12125403,2013
"USA, Maine",Orono Bog,2,S.magellanicum,44.869721,-68.727243,20.62950125,-29.71835542,125.496815283333,-10.40460058,-7.697102785,-13.05876684,-9.462539488,-7.542898161,-13.1189541,32,42,16.13342692,687.51276958,728.12125403,2013
"USA, Maine",Orono Bog,3,S.magellanicum,44.869721,-68.727243,21.04737146,-31.89721382,163.6621373,-10.40460058,-7.697102785,-13.05876684,-9.462539488,-7.542898161,-13.1189541,36,42,16.13342692,687.51276958,728.12125403,2013
"USA, Maine",Orono Bog,4,S.magellanicum,44.869721,-68.727243,20.73926439,-29.73609517,210.761783433333,-10.40460058,-7.697102785,-13.05876684,-9.462539488,-7.542898161,-13.1189541,40,42,16.13342692,687.51276958,728.12125403,2013
"USA, Maine",Saco Heath,1,S.fuscum,43.545971,-70.47155,21.6385519,-31.38615608,5.9211894646675E-16,-9.986067533,-7.215442022,-12.64690185,-9.401592848,-7.167391703,-12.89461121,48,43,17.51127014,680.02531454,682.91437769,2013
"USA, Maine",Saco Heath,2,S.fuscum,43.545971,-70.47155,,-30.43140307,,-9.986067533,-7.215442022,-12.64690185,-9.401592848,-7.167391703,-12.89461121,,43,17.51127014,680.02531454,682.91437769,2013
"USA, Maine",Saco Heath,3,S.fuscum,43.545971,-70.47155,23.69227807,-29.84298464,25.52469922,-9.986067533,-7.215442022,-12.64690185,-9.401592848,-7.167391703,-12.89461121,49,43,17.51127014,680.02531454,682.91437769,2013
"USA, Maine",Saco Heath,4,S.fuscum,43.545971,-70.47155,22.03138841,-31.09142798,225.819532866667,-9.986067533,-7.215442022,-12.64690185,-9.401592848,-7.167391703,-12.89461121,46,43,17.51127014,680.02531454,682.91437769,2013
"USA, Maine",Saco Heath,1,S.magellanicum,43.545971,-70.47155,21.5355286,-29.20994188,95.0389243,-9.986067533,-7.215442022,-12.64690185,-9.401592848,-7.167391703,-12.89461121,32,43,17.51127014,680.02531454,682.91437769,2013
"USA, Maine",Saco Heath,2,S.magellanicum,43.545971,-70.47155,20.96938186,-32.18628061,52.3323425333333,-9.986067533,-7.215442022,-12.64690185,-9.401592848,-7.167391703,-12.89461121,41,43,17.51127014,680.02531454,682.91437769,2013
"USA, Maine",Saco Heath,3,S.magellanicum,43.545971,-70.47155,21.7165415,-28.29047323,90.8481245466667,-9.986067533,-7.215442022,-12.64690185,-9.401592848,-7.167391703,-12.89461121,32,43,17.51127014,680.02531454,682.91437769,2013
"USA, Maine",Saco Heath,4,S.magellanicum,43.545971,-70.47155,21.06662815,-28.000934,220.31719745,-9.986067533,-7.215442022,-12.64690185,-9.401592848,-7.167391703,-12.89461121,32,43,17.51127014,680.02531454,682.91437769,2013
"USA, New York",Silver Lake,1,S.magellanicum,44.511166,-73.885986,19.2276141,-30.77594438,188.593630566667,-11.57568133,-8.396542629,-14.61356568,-10.19443633,-8.219019672,-14.12733394,38,449,16.3832539883333,648.17362393,746.35474578,2013
"USA, New York",Silver Lake,2,S.magellanicum,44.511166,-73.885986,19.84767957,-30.01006642,220.089172,-11.57568133,-8.396542629,-14.61356568,-10.19443633,-8.219019672,-14.12733394,53,449,16.3832539883333,648.17362393,746.35474578,2013
"USA, New York",Silver Lake,3,S.magellanicum,44.511166,-73.885986,19.89774697,-30.69084682,18.60721868,-11.57568133,-8.396542629,-14.61356568,-10.19443633,-8.219019672,-14.12733394,38,449,16.3832539883333,648.17362393,746.35474578,2013
"USA, New York",Silver Lake,4,S.magellanicum,44.511166,-73.885986,19.37300212,-30.5341428,208.532201,-11.57568133,-8.396542629,-14.61356568,-10.19443633,-8.219019672,-14.12733394,31,449,16.3832539883333,648.17362393,746.35474578,2013
"Canada, QC",Grande-Plee Bleue,1,S.magellanicum,46.77933,-71.05635,18.96716418,-27.35900837,155.624911521667,-11.64788755,-8.603314559,-14.608711,-10.88287247,-8.523146741,-14.38210459,24,93,14.3346344013333,635.51191338,678.78850096,2013
"Canada, QC",Grande-Plee Bleue,3,S.magellanicum,46.78056,-71.0579,19.07833839,-28.31627243,334.82661005,-11.64788755,-8.603314559,-14.608711,-10.88287247,-8.523146741,-14.38210459,24,92,14.3346344013333,635.51191338,678.78850096,2013
"Canada, QC",Grande-Plee Bleue,1,S.fuscum,46.77937,-71.05629,19.05373134,-25.96745562,290.955414,-11.64788755,-8.603314559,-14.608711,-10.88287247,-8.523146741,-14.38210459,40,93,14.3346344013333,635.51191338,678.78850096,2013
"Canada, QC",Grande-Plee Bleue,3,S.fuscum,46.78025,-71.05757,20.2723824,-28.25101958,796.426043816667,-11.64788755,-8.603314559,-14.608711,-10.88287247,-8.523146741,-14.38210459,40,92,14.3346344013333,635.51191338,678.78850096,2013
"Canada, QC",Saint-Etienne,1,S.magellanicum,46.65284,-71.31801,19.13830846,-28.42715772,422.76574665,-11.58998354,-8.543741544,-14.54372621,-10.69625788,-8.433464521,-14.39669413,35,99,15.5889322913333,639.0606845,651.58925199,2013
"Canada, QC",Saint-Etienne,3,S.magellanicum,46.65404,-71.31989,19.4483693,-25.89070147,159.33333335,-11.58998354,-8.543741544,-14.54372621,-10.69625788,-8.433464521,-14.39669413,35,97,15.5889322913333,639.0606845,651.58925199,2013
"Canada, QC",Saint-Etienne,1,S.fuscum,46.65272,-71.31785,18.86666667,-27.10803918,485.46921446,-11.58998354,-8.543741544,-14.54372621,-10.69625788,-8.433464521,-14.39669413,28,100,15.5889322913333,639.0606845,651.58925199,2013
"Canada, QC",Saint-Etienne,3,S.fuscum,46.65417,-71.32001,20.42317906,-27.59747145,350.539278133333,-11.58998354,-8.543741544,-14.54372621,-10.69625788,-8.433464521,-14.39669413,38,96,15.5889322913333,639.0606845,651.58925199,2013
"Canada, QC",Saint-Charles,1,S.magellanicum,46.78761,-70.97387,19.3880597,-26.5418282,297.233545666667,-11.83232673,-8.767535528,-14.8237884,-11.06287055,-8.689038449,-14.59230931,13,99,14.3346344013333,635.51191338,678.78850096,2013
"Canada, QC",Saint-Charles,3,S.magellanicum,46.78883,-70.97193,19.8892261,-27.25489396,197.849964608333,-11.83232673,-8.767535528,-14.8237884,-11.06287055,-8.689038449,-14.59230931,20,99,14.3346344013333,635.51191338,678.78850096,2013
"Canada, QC",Saint-Charles,1,S.fuscum,46.7876,-70.97387,18.38606965,-27.21822077,210.318471333333,-11.83232673,-8.767535528,-14.8237884,-11.06287055,-8.689038449,-14.59230931,23,99,14.3346344013333,635.51191338,678.78850096,2013
"Canada, QC",Saint-Charles,3,S.fuscum,46.78895,-70.97128,19.24905159,-26.44229201,260.651804683333,-11.83232673,-8.767535528,-14.8237884,-11.06287055,-8.689038449,-14.59230931,27,99,14.3346344013333,635.51191338,678.78850096,2013
"Canada, QC",Sainte-Catherine,1,S.magellanicum,46.87288,-71.58704,17.10547264,-29.26882269,230.7430998,-11.83129577,-8.727542003,-14.84005141,-11.10336475,-8.655455948,-14.61852239,18,169,14.2142120358333,636.65316387,653.2110908,2013
"Canada, QC",Sainte-Catherine,3,S.magellanicum,46.87193,-71.58467,20.36485048,-27.84828711,390.745222916667,-11.83129577,-8.727542003,-14.84005141,-11.10336475,-8.655455948,-14.61852239,10,170,14.2142120358333,636.65316387,653.2110908,2013
"Canada, QC",Sainte-Catherine,1,S.fuscum,46.87275,-71.58688,17.68059701,-30.24719445,294.069355979667,-11.83129577,-8.727542003,-14.84005141,-11.10336475,-8.655455948,-14.61852239,44,169,14.2142120358333,636.65316387,653.2110908,2013
"Canada, QC",Sainte-Catherine,3,S.fuscum,46.87244,-71.58459,19.32836543,-29.33992659,274.649681516667,-11.83129577,-8.727542003,-14.84005141,-11.10336475,-8.655455948,-14.61852239,41,170,14.2142120358333,636.65316387,653.2110908,2013
"Canada, QC",Chute Panet,1,S.magellanicum,46.86933,-71.83963,18.42288557,-30.27780045,149.617834406667,-11.77923071,-8.664223591,-14.78632855,-11.0496661,-8.591336674,-14.56689642,40,154,14.2142120358333,636.65316387,653.2110908,2013
"Canada, QC",Chute Panet,3,S.magellanicum,46.86935,-71.84097,20.03433232,-29.30338568,157.140835116667,-11.77923071,-8.664223591,-14.78632855,-11.0496661,-8.591336674,-14.56689642,13,153,14.2142120358333,636.65316387,653.2110908,2013
"Canada, QC",Chute Panet,1,S.fuscum,46.86933,-71.83963,19.88557214,-28.36696593,210.678697828333,-11.77923071,-8.664223591,-14.78632855,-11.0496661,-8.591336674,-14.56689642,40,154,14.2142120358333,636.65316387,653.2110908,2013
"Canada, QC",Chute Panet,3,S.fuscum,46.86946,-71.84116,20.68114568,-29.55833163,162.7940552,-11.77923071,-8.664223591,-14.78632855,-11.0496661,-8.591336674,-14.56689642,44,153,14.2142120358333,636.65316387,653.2110908,2013
"Canada, QC",Jifi (Haut-Shippagan),1,S.magellanicum,47.74022,-64.74397,19.24577114,-28.85666191,543.63821656,-10.99649986,-8.587543329,-13.59004664,-10.40082,-8.488431867,-13.58331709,36,2,14.8766520181667,574.32023654,526.73598918,2013
"Canada, QC",Jifi (Haut-Shippagan),3,S.magellanicum,47.73974,-64.74535,20.35489378,-28.10318108,281.27388534,-10.99649986,-8.587543329,-13.59004664,-10.40082,-8.488431867,-13.58331709,29,2,14.8766520181667,574.32023654,526.73598918,2013
"Canada, QC",Jifi (Haut-Shippagan),1,S.fuscum,47.74023,-64.744,19.6278607,-30.76647623,349.970276,-10.99649986,-8.587543329,-13.59004664,-10.40082,-8.488431867,-13.58331709,37,2,14.8766520181667,574.32023654,526.73598918,2013
"Canada, QC",Jifi (Haut-Shippagan),3,S.fuscum,47.73974,-64.74535,21.42849014,-27.47002447,389.38428875,-10.99649986,-8.587543329,-13.59004664,-10.40082,-8.488431867,-13.58331709,46,2,14.8766520181667,574.32023654,526.73598918,2013
"Canada, QC",Wilson,1,S.magellanicum,47.93975,-64.52333,20.20199005,-27.12438776,597.69002122,-10.99649986,-8.587543329,-13.59004664,-10.74670061,-8.536662405,-13.53580882,23,3,14.159087116,599.10237861,572.60487974,2013
"Canada, QC",Wilson,2,S.magellanicum,47.94001,-64.52363,18.81544566,-24.32157423,131.959660301667,-10.99649986,-8.587543329,-13.59004664,-10.74670061,-8.536662405,-13.53580882,22,4,14.159087116,599.10237861,572.60487974,2013
"Canada, QC",Wilson,1,S.fuscum,47.93994,-64.52325,21.10945274,-28.26188533,365.758669483333,-10.99649986,-8.587543329,-13.59004664,-10.74670061,-8.536662405,-13.53580882,41,4,14.159087116,599.10237861,572.60487974,2013
"Canada, QC",Wilson,3,S.fuscum,47.93976,-64.52451,21.13132682,-28.6343801,260.83057322,-10.99649986,-8.587543329,-13.59004664,-10.74670061,-8.536662405,-13.53580882,45,5,14.159087116,599.10237861,572.60487974,2013
"Canada, QC",Miscou #5,1,S.magellanicum,48.00965,-64.50384,20.75621891,-30.60936544,85.536305742,-11.45823165,-9.018431743,-14.1638763,-11.19650062,-8.956002354,-14.1013464,46,4,14.159087116,599.10237861,572.60487974,2013
"Canada, QC",Miscou #5,3,S.magellanicum,48.0094,-64.50822,19.68437026,-26.79914356,,-11.45823165,-9.018431743,-14.1638763,-11.19650062,-8.956002354,-14.1013464,,6,14.159087116,599.10237861,572.60487974,2013
"Canada, QC",Miscou #5,1,S.fuscum,48.00965,-64.50381,21.51243781,-28.34860233,327.91592356,-11.45823165,-9.018431743,-14.1638763,-11.19650062,-8.956002354,-14.1013464,51,4,14.159087116,599.10237861,572.60487974,2013
"Canada, QC",Miscou #5,3,S.fuscum,48.00935,-64.50826,21.28717754,-28.18984502,176.4458599,-11.45823165,-9.018431743,-14.1638763,-11.19650062,-8.956002354,-14.1013464,26,6,14.159087116,599.10237861,572.60487974,2013
"Canada, QC",Coteau road,1,S.magellanicum,47.76706,-64.59446,20.16218905,-26.71730259,74.758386414,-10.99649986,-8.587543329,-13.59004664,-10.74670061,-8.536662405,-13.53580882,8,4,14.159087116,599.10237861,572.60487974,2013
"Canada, QC",Coteau road,3,S.magellanicum,47.76645,-64.59482,19.32776935,-27.1485825,115.337579615,-10.99649986,-8.587543329,-13.59004664,-10.74670061,-8.536662405,-13.53580882,6,4,14.159087116,599.10237861,572.60487974,2013
"Canada, QC",Coteau road,1,S.fuscum,47.76694,-64.59509,21.75422886,-28.33840033,332.1302194,-10.99649986,-8.587543329,-13.59004664,-10.74670061,-8.536662405,-13.53580882,36,5,14.159087116,599.10237861,572.60487974,2013
"Canada, QC",Coteau road,3,S.fuscum,47.76675,-64.59196,21.55747344,-25.98500918,327.31351735,-10.99649986,-8.587543329,-13.59004664,-10.74670061,-8.536662405,-13.53580882,28,5,14.159087116,599.10237861,572.60487974,2013
"Canada, QC",Goulet,1,S.magellanicum,47.71869,-64.68491,19.10646766,-27.80585595,425.69426752,-10.99649986,-8.587543329,-13.59004664,-10.66618719,-8.494163419,-13.62541095,28,2,14.6946299221667,542.63950588,528.41755591,2013
"Canada, QC",Goulet,3,S.magellanicum,47.71889,-64.68486,21.32226859,-29.35012235,168.933333326,-10.99649986,-8.587543329,-13.59004664,-10.66618719,-8.494163419,-13.62541095,25,3,14.6946299221667,542.63950588,528.41755591,2013
"Canada, QC",Goulet,1,S.fuscum,47.71869,-64.68491,21.15024876,-27.94154254,172.52993632,-10.99649986,-8.587543329,-13.59004664,-10.66618719,-8.494163419,-13.62541095,31,2,14.6946299221667,542.63950588,528.41755591,2013
"Canada, QC",Goulet,3,S.fuscum,47.71889,-64.68486,19.96794385,-27.60970636,125.316348193333,-10.99649986,-8.587543329,-13.59004664,-10.66618719,-8.494163419,-13.62541095,34,3,14.6946299221667,542.63950588,528.41755591,2013
"Russia, St-Petersburg region",Vsevolozhsk,1,S.fuscum,60.0642,30.65478,20.37267511,-28.69511075,74.52229299,-12.34130073,-10.25295321,-14.08443928,-11.75847214,-10.04506998,-13.98213892,33,33,14.8003936768333,606.55013807,469.38939162,2013
"Russia, St-Petersburg region",Vsevolozhsk,2,S.magellanicum,60.0642,30.65478,18.83725762,-29.93018271,208.775654633333,-12.34130073,-10.25295321,-14.08443928,-11.75847214,-10.04506998,-13.98213892,23,33,14.8003936768333,606.55013807,469.38939162,2013
"Russia, St-Petersburg region",Vsevolozhsk,3,S.fuscum,60.0642,30.65478,20.41620499,-27.5845667,335.4564756,-12.34130073,-10.25295321,-14.08443928,-11.75847214,-10.04506998,-13.98213892,24,33,14.8003936768333,606.55013807,469.38939162,2013
"Russia, St-Petersburg region",Vsevolozhsk,4,S.magellanicum,60.0642,30.65478,18.95597546,-29.99652955,56.6171266666667,-12.34130073,-10.25295321,-14.08443928,-11.75847214,-10.04506998,-13.98213892,20,33,14.8003936768333,606.55013807,469.38939162,2013
"Russia, St-Petersburg region",Ozernoe mire,7,S.fuscum,60.3518,29.55455,20.57548476,-26.68429111,254.777070066667,-12.40545328,-10.33669154,-14.12879825,-12.25881532,-10.18940503,-14.12619358,22,55,14.6729522686667,597.56047925,404.67576858,2013
"Russia, St-Petersburg region",Ozernoe mire,8,S.fuscum,60.3518,29.55455,20.52997626,-29.19424314,175.513092723333,-12.40545328,-10.33669154,-14.12879825,-12.25881532,-10.18940503,-14.12619358,33,55,14.6729522686667,597.56047925,404.67576858,2013
"Russia, St-Petersburg region",Ozernoe mire,9,S.magellanicum,60.3518,29.55455,20.3914721,-30.21598449,208.067940533333,-12.40545328,-10.33669154,-14.12879825,-12.25881532,-10.18940503,-14.12619358,31,55,14.6729522686667,597.56047925,404.67576858,2013
"Russia, St-Petersburg region",Ozernoe mire,11,S.magellanicum,60.3518,29.55455,18.9193708,-29.47289987,54.77707006,-12.40545328,-10.33669154,-14.12879825,-12.25881532,-10.18940503,-14.12619358,23,55,14.6729522686667,597.56047925,404.67576858,2013
"Russia, St-Petersburg region",Stroganovo,17,S.fuscum,59.28565,30.00917,20.12633558,-30.08839441,245.4352442,-12.24374898,-10.17624823,-13.96874571,-11.65076794,-9.99087528,-13.78049097,20,113,14.2777648933333,584.88076885,476.74658414,2013
"Russia, St-Petersburg region",Stroganovo,18,S.magellanicum,59.28565,30.00917,20.69420261,-29.34326835,103.043170543333,-12.24374898,-10.17624823,-13.96874571,-11.65076794,-9.99087528,-13.78049097,14,113,14.2777648933333,584.88076885,476.74658414,2013
"Russia, St-Petersburg region",Stroganovo,19,S.magellanicum,59.28565,30.00917,19.32499011,-27.9407982,142.675159206667,-12.24374898,-10.17624823,-13.96874571,-11.65076794,-9.99087528,-13.78049097,11,113,14.2777648933333,584.88076885,476.74658414,2013
"Russia, St-Petersburg region",Stroganovo,20,S.fuscum,59.28565,30.00917,19.90670756,-28.83086659,84.92569001,-12.24374898,-10.17624823,-13.96874571,-11.65076794,-9.99087528,-13.78049097,17,113,14.2777648933333,584.88076885,476.74658414,2013
"Russia, St-Petersburg region",Nizhne-Svirsky State Natural Reserve,25,S.fuscum,60.6667,33.0378,20.59626039,-27.5151577,285.350318466667,-12.73295204,-10.47085953,-14.68879914,-12.42618881,-10.35854383,-14.48832067,18,6,14.6347696948333,582.59900273,496.27287365,2013
"Russia, St-Petersburg region",Nizhne-Svirsky State Natural Reserve,26,S.magellanicum,60.6667,33.0378,19.05787495,-28.12452792,147.20452937,-12.73295204,-10.47085953,-14.68879914,-12.42618881,-10.35854383,-14.48832067,28,6,14.6347696948333,582.59900273,496.27287365,2013
"Russia, St-Petersburg region",Nizhne-Svirsky State Natural Reserve,27,S.fuscum,60.6667,33.0378,19.93341907,-28.80126569,271.337579633333,-12.73295204,-10.47085953,-14.68879914,-12.42618881,-10.35854383,-14.48832067,21,6,14.6347696948333,582.59900273,496.27287365,2013
"Russia, St-Petersburg region",Nizhne-Svirsky State Natural Reserve,28,S.magellanicum,60.6667,33.0378,20.507222,-29.51474941,97.66454352,-12.73295204,-10.47085953,-14.68879914,-12.42618881,-10.35854383,-14.48832067,15,6,14.6347696948333,582.59900273,496.27287365,2013
Norway (central),Bjornmyra,1,S.fuscum,63.33621,10.40694,22.14189619,-28.66921743,323.503184733333,-12.44774954,-10.84294287,-13.79943061,-12.3212016,-10.54257051,-13.7407885,26,135,11.4357798263333,480.09408531,760.10175681,2013
Norway (central),Bjornmyra,3,S.fuscum,63.33594,10.40663,22.24032625,-27.7533143,175.55838639,-12.44774954,-10.84294287,-13.79943061,-12.3212016,-10.54257051,-13.7407885,30,136,11.4357798263333,480.09408531,760.10175681,2013
Norway (central),Bjornmyra,5,S.magellanicum,63.33634,10.40525,22.88001091,-29.10386695,205.840056633333,-12.44774954,-10.84294287,-13.79943061,-12.3212016,-10.54257051,-13.7407885,19,134,11.4357798263333,480.09408531,760.10175681,2013
Norway (central),Bjornmyra,8,S.magellanicum,63.33603,10.40395,22.50398331,-28.981134,176.66242035,-12.44774954,-10.84294287,-13.79943061,-12.3212016,-10.54257051,-13.7407885,17,136,11.4357798263333,480.09408531,760.10175681,2013
Norway (central),Tydal,1,S.magellanicum,63.08077,11.40102,19.4,-28.9678637,147.4607219,-13.53549218,-11.75078217,-15.10497403,-13.23961915,-11.42205549,-15.12872825,13,424,9.00432739283333,408.39003508,776.49417578,2013
Norway (central),Tydal,3,S.magellanicum,63.02698,11.39666,20.21263278,-27.33622272,237.757961783333,-13.53549218,-11.75078217,-15.10497403,-13.23961915,-11.42205549,-15.12872825,7,654,9.00432739283333,408.39003508,776.49417578,2013
Norway (central),Tydal,4,S.fuscum,63.0807,11.40076,20.6238806,-27.82134476,329.5541401,-13.53549218,-11.75078217,-15.10497403,-13.23961915,-11.42205549,-15.12872825,28,424,9.00432739283333,408.39003508,776.49417578,2013
Norway (central),Tydal,6,S.fuscum,63.07853,11.39401,21.48254932,-27.1424638,268.662420366667,-13.53549218,-11.75078217,-15.10497403,-13.23961915,-11.42205549,-15.12872825,25,427,9.00432739283333,408.39003508,776.49417578,2013
Norway (central),Hemne,1,S.magellanicum,63.21521,9.01878,22.98363785,-28.98041016,237.197452233333,-12.8928291,-11.23533964,-14.32239819,-12.8214763,-11.00561349,-14.28759339,19,60,10.6173034655,445.12375624,833.27277583,2013
Norway (central),Hemne,2,S.magellanicum,63.21509,9.01931,22.75151745,-29.2707526,169.126680833333,-12.8928291,-11.23533964,-14.32239819,-12.8214763,-11.00561349,-14.28759339,11,60,10.6173034655,445.12375624,833.27277583,2013
Norway (central),Hemne,3,S.fuscum,63.21474,9.02001,22.78456504,-26.80410162,453.033262566667,-12.8928291,-11.23533964,-14.32239819,-12.8214763,-11.00561349,-14.28759339,40,60,10.6173034655,445.12375624,833.27277583,2013
Norway (central),Hemne,6,S.fuscum,63.21375,9.02617,22.33042489,-28.10819906,102.5265393,-12.8928291,-11.23533964,-14.32239819,-12.8214763,-11.00561349,-14.28759339,30,60,10.6173034655,445.12375624,833.27277583,2013
"Canada, ON (N)",MOE MOSS,B,S.fuscum,52.696969,-83.950642,18.2774,-28.2182,179.40976646,-14.28942124,-10.08713214,-18.20754623,-12.38854328,-9.84496172,-17.61968532,,88,10.5993693051667,505.54128295,521.4203977,2014
"Canada, ON (N)",MOE MOSS,E,S.magellanicum,52.696969,-83.950642,15.811,-28.7537,96.96815288,-14.28942124,-10.08713214,-18.20754623,-12.38854328,-9.84496172,-17.61968532,,88,10.5993693051667,505.54128295,521.4203977,2014
"Canada, ON (N)",MOE BOG,B,S.fuscum,52.693756,-83.945183,17.8294,-27.8052,143.0460014,-14.28942124,-10.08713214,-18.20754623,-12.38854328,-9.84496172,-17.61968532,28.8,91,10.5993693051667,505.54128295,521.4203977,2014
"Canada, ON (N)",MOE BOG,D,S.fuscum,52.693756,-83.945183,16.627,-27.9204,70.2717622033333,-14.28942124,-10.08713214,-18.20754623,-12.38854328,-9.84496172,-17.61968532,24.1,160,10.5993693051667,505.54128295,521.4203977,2014
Finland (N),Kaamanen,1,S.fuscum,69.140517,27.27025,20.43659667,-30.15988164,23.979051665,-14.52423056,-12.24797376,-16.26069856,-13.87644424,-12.00031176,-16.05685528,,160,9.59418131536667,426.83262547,406.65814256,2013
Finland (N),Kaamanen,3,S.fuscum,69.141067,27.27215,19.85413505,-31.61421579,30.6795942433333,-14.52423056,-12.24797376,-16.26069856,-13.87644424,-12.00031176,-16.05685528,,170,9.59418131536667,426.83262547,406.65814256,2013
Finland (N),Siikaneva,1,S.fuscum,61.83722,24.169767,22.30642669,-27.91011121,293.366926166667,-12.66687576,-10.70291424,-14.29874992,-12.41823636,-10.5434531,-14.21018052,11,170,13.5291127521667,572.3689322,436.76804548,2013
Finland (N),Siikaneva,3,S.fuscum,61.83722,24.169767,22.30671472,-28.98317357,247.5819769,-12.66687576,-10.70291424,-14.29874992,-12.41823636,-10.5434531,-14.21018052,30,170,13.5291127521667,572.3689322,436.76804548,2013
Finland (N),Siikaneva,1,S.magellanicum,61.83722,24.169767,20.8792837,-31.36792164,36.4047180933333,-12.66687576,-10.70291424,-14.29874992,-12.41823636,-10.5434531,-14.21018052,13,170,13.5291127521667,572.3689322,436.76804548,2013
Finland (N),Siikaneva,3,S.magellanicum,61.83722,24.169767,20.13201821,-32.01295125,71.2064166066667,-12.66687576,-10.70291424,-14.29874992,-12.41823636,-10.5434531,-14.21018052,24,16,13.5291127521667,572.3689322,436.76804548,2013
Finland (N),Siikajoki,2,S.fuscum,64.731505,24.719083,19.8835,-28.0101,264.962491166667,-12.9173034,-10.85292498,-14.49814034,-12.81868491,-10.67410416,-14.33639252,27,16,12.863198853,526.71106898,379.65972829,2013
Finland (N),Siikajoki,4,S.fuscum,64.731505,24.719083,20.1541,-27.2383,317.943382873333,-12.9173034,-10.85292498,-14.49814034,-12.81868491,-10.67410416,-14.33639252,24,16,12.863198853,526.71106898,379.65972829,2013
Finland (N),Siikajoki,2,S.magellanicum,64.731505,24.719083,20.2351,-27.9123,100.65109697,-12.9173034,-10.85292498,-14.49814034,-12.81868491,-10.67410416,-14.33639252,12,16,12.863198853,526.71106898,379.65972829,2013
Finland (N),Siikajoki,4,S.magellanicum,64.731505,24.719083,19.5385,-28.6851,185.902335466667,-12.9173034,-10.85292498,-14.49814034,-12.81868491,-10.67410416,-14.33639252,13,139,12.863198853,526.71106898,379.65972829,2013
Finland (N),Salmisuo,2,S.fuscum,62.78477,30.947475,20.7031,-28.4047,155.343241333333,-13.19835814,-10.9612689,-15.03190231,-12.79862917,-10.86730041,-14.80989278,34,139,12.3662709541667,537.17357124,549.23043866,2013
Finland (N),Salmisuo,4,S.fuscum,62.78477,30.947475,19.3234,-27.0242,281.896673766667,-13.19835814,-10.9612689,-15.03190231,-12.79862917,-10.86730041,-14.80989278,12,139,12.3662709541667,537.17357124,549.23043866,2013
Finland (N),Salmisuo,2,S.magellanicum,62.78477,30.947475,18.534,-29.4529,25.8174097666667,-13.19835814,-10.9612689,-15.03190231,-12.79862917,-10.86730041,-14.80989278,8,139,12.3662709541667,537.17357124,549.23043866,2013
Finland (N),Salmisuo,4,S.magellanicum,62.78477,30.947475,18.4988,-28.0101,54.4968152963333,-13.19835814,-10.9612689,-15.03190231,-12.79862917,-10.86730041,-14.80989278,6,47,12.3662709541667,537.17357124,549.23043866,2013
Japan (NE),East Ochiishi Mire,1,S.fuscum,43.20111,145.51981,23.45723116,-26.95204571,210.0509554,-9.522309979,-8.1341784,-10.89877176,-9.109934805,-8.051386693,-10.33842707,37.3,47,14.0102020268333,498.48788128,567.66645422,2013
Japan (NE),East Ochiishi Mire,3,S.fuscum,43.20111,145.51981,21.84484067,-29.38190904,,-9.522309979,-8.1341784,-10.89877176,-9.109934805,-8.051386693,-10.33842707,31.7,47,14.0102020268333,498.48788128,567.66645422,2013
Japan (NE),East Ochiishi Mire,2,S.magellanicum,43.20111,145.51981,21.30560858,-29.80889705,41.290870485,-9.522309979,-8.1341784,-10.89877176,-9.109934805,-8.051386693,-10.33842707,18.7,47,14.0102020268333,498.48788128,567.66645422,2013
Japan (NE),East Ochiishi Mire,3,S.magellanicum,43.20111,145.51981,21.52996965,-29.71945748,274.1641897,-9.522309979,-8.1341784,-10.89877176,-9.109934805,-8.051386693,-10.33842707,12.3,566,14.0102020268333,498.48788128,567.66645422,2013
"Canada, AB",Wandering River_Control,2,S.magellanicum,55.353942,-112.517692,15.0105,-29.5498,,-19.49440765,-15.47711309,-23.79066324,-18.01925187,-14.97572312,-23.45657407,,566,12.7909077958333,441.28070593,363.93492753,2014
China,Hani,2,S.magellanicum,42.22444444,126.5188611,17.0078,-30.9161,,-12.02024579,-10.1827,-14.19780755,-10.58386255,-10.10246168,-13.71269599,25.95,895,16.292667643,487.10303329,518.26978876,2014
China,Hani,4,S.magellanicum,42.22458333,126.5187222,17.3039,-29.3204,,-12.02024579,-10.1827,-14.19780755,-10.58386255,-10.10246168,-13.71269599,28.18,895,16.292667643,487.10303329,518.26978876,2014
China,Hani,2,S.fuscum,42.22777778,126.5189444,19.4322,-27.014,,-12.02024579,-10.1827,-14.19780755,-10.58386255,-10.10246168,-13.71269599,20.84,894,16.292667643,487.10303329,518.26978876,2014
China,Hani,5,S.fuscum,42.22655556,126.5194167,19.8769,-29.0257,,-12.02024579,-10.1827,-14.19780755,-10.58386255,-10.10246168,-13.71269599,32.46,721,16.292667643,487.10303329,518.26978876,2014
China,Mangui,1,S.magellanicum,52.23944444,122.4344444,17.9829,-29.351,,-17.13990037,-13.17009862,-21.24261713,-13.41740208,-12.74877786,-18.5943259,8.9,719,11.0021453851667,526.80696873,511.6838992,2014
China,Mangui,2,S.magellanicum,52.23952778,122.4345278,17.7034,-28.6668,,-17.13990037,-13.17009862,-21.24261713,-13.41740208,-12.74877786,-18.5943259,8.675,720,11.0021453851667,526.80696873,511.6838992,2014
China,Mangui,2,S.fuscum,52.32711111,122.4428611,18.7434,-29.1695,,-17.14412498,-13.18330177,-21.19556427,-13.62424449,-12.84492704,-18.54873806,49.35,764,12.0563700355,454.52459783,454.88545372,2014
China,Mangui,4,S.fuscum,52.32713889,122.4430278,17.2892,-28.9299,,-17.14412498,-13.18330177,-21.19556427,-13.62424449,-12.84492704,-18.54873806,27.075,764,12.0563700355,454.52459783,454.88545372,2014
"USA, Interior Alaska, Healy",CiPEHR,2,S.fuscum,63.88202,-149.2269,14.7624,-28.104,10.8987968833333,-21.31286224,-18.36019421,-24.48531866,-19.75138158,-17.80036962,-24.65516673,34,671,7.612440999,384.806340135,676.56377435,2014
"USA, Interior Alaska, Healy",CiPEHR,2,S.magellanicum,63.88202,-149.2269,14.2852,-30.237,8.938428875,-21.31286224,-18.36019421,-24.48531866,-19.75138158,-17.80036962,-24.65516673,34,671,7.612440999,384.806340135,676.56377435,2014
